word	motor content	age of acquisition
abalanzar	4.77	9.02
abalanzarse	4.92	9.50
abanderar	3.58	12.83
abandonar	2.26	6.74
abandonarse	1.61	8.52
abanicar	3.85	7.28
abanicarse	3.62	6.96
abaratar	1.46	10.69
abarcar	3.77	10.92
abarrotar	3.17	11.14
abastecer	3.65	11.32
abastecerse	4.12	12.20
abatir	3.93	11.65
abdicar	1.70	13.13
abjurar	1.77	13.46
ablandar	2.58	7.68
abocar	3.21	13.89
abocetar	3.38	12.67
abochornar	1.89	12.40
abofetear	4.31	7.71
abogar	2.04	13.77
abolir	1.83	13.41
abollar	4.33	10.18
abombar	3.23	10.50
abominar	1.70	12.31
abonar	3.77	10.44
abordar	3.54	9.34
abordarse	2.91	11.28
aborrecer	1.43	10.12
aborrecerse	1.63	10.71
abortar	4.73	11.96
abotonar	3.42	9.06
abovedar	3.92	13.19
aboyar	4.37	9.77
abrasar	2.91	8.98
abrazar	3.50	3.78
abrevar	3.12	13.11
abreviar	1.81	9.37
abrigar	3.15	5.16
abrigarse	2.93	4.76
abrillantar	4.71	9.60
abrir	3.23	4.02
abrirse	2.41	6.39
abrochar	3.46	5.60
abrocharse	2.85	5.40
abroncar	3.12	10.97
abrumar	1.96	12.18
absolver	1.85	12.36
absorver	2.15	6.70
abstener	1.35	13.37
abstenerse	1.39	11.90
abstraer	1.35	13.36
abuchear	3.08	9.36
abultar	2.38	9.08
abundar	2.42	9.23
aburrir	1.26	5.02
aburrirse	1.22	5.34
abusar	4.59	9.04
acabar	2.35	4.76
acabarse	2.04	5.78
academizar	2.07	11.83
acaecer	2.00	13.40
acallar	2.12	10.69
acalorar	1.87	8.42
acampar	4.19	7.72
acantonar	3.15	12.19
acaparar	3.42	10.64
acariciar	2.96	5.24
acarrear	3.19	11.98
acatar	2.04	10.62
acatarrar	1.57	6.94
acaudalar	2.85	13.15
acceder	3.78	8.98
accidentar	4.00	8.31
accidentarse	4.21	7.92
accionar	3.69	9.96
acechar	3.46	9.69
acedar	2.59	12.00
aceitar	3.04	11.69
acelerar	3.54	7.88
acendrar	2.88	14.00
acentuar	1.59	8.10
acentuarse	2.38	9.53
aceptar	1.17	6.18
aceptarse	1.65	9.60
acerar	4.00	12.14
acercar	3.31	5.84
acercarse	3.50	5.24
acertar	1.65	5.88
achacar	1.85	12.92
achatar	3.15	11.05
achicar	4.42	10.20
achicharrar	2.42	7.88
achuchar	4.11	7.14
acicalar	4.04	11.31
aclamar	3.23	10.62
aclarar	2.18	7.88
aclararse	2.04	8.52
aclimatar	2.89	12.02
acobardar	2.42	9.44
acoger	2.58	9.98
acogerse	2.38	10.31
acolchar	3.88	10.04
acometer	3.58	12.55
acomodar	3.26	9.52
acompañar	3.50	5.86
acompañarse	2.78	8.14
acompasar	2.41	11.92
acondicionar	3.23	11.12
acongojar	2.38	11.67
aconsejar	1.69	9.32
acontecer	1.78	11.54
acopiar	2.81	11.13
acoplar	2.92	11.48
acoplarse	2.88	10.02
acorazar	4.04	13.48
acorchar	3.50	11.92
acordar	1.43	6.38
acordarse	1.39	6.30
acordonar	4.42	11.36
acorralar	4.73	9.18
acortar	2.88	10.00
acosar	4.81	10.66
acostar	3.35	3.64
acostarse	2.73	3.94
acostumbrar	1.43	7.12
acostumbrarse	1.43	6.32
acotar	2.54	13.08
acrecentar	3.62	11.76
acrecer	2.67	11.92
acreditar	2.13	12.14
acribillar	4.42	11.62
acrisolar	3.46	15.14
acristalar	5.15	10.82
activar	3.92	8.68
actualizar	1.88	9.46
actualizarse	1.65	11.30
actuar	4.62	6.74
acuartelar	3.65	12.43
acuchillar	5.77	9.08
acuciar	2.62	15.80
acudir	3.96	9.06
acumular	2.37	7.66
acumularse	3.12	9.46
acunar	3.58	6.69
acuñar	3.46	12.84
acurrucarse	2.52	7.26
acusar	2.32	9.00
adaptar	2.85	9.50
adaptarse	2.96	8.06
adecentar	3.08	11.68
adecentarse	3.85	12.24
adecuar	2.46	10.94
adecuarse	2.80	11.65
adelantar	3.44	6.70
adelantarse	3.44	6.92
adelgazar	2.96	8.06
adentrar	4.35	10.00
adentrarse	4.31	8.94
aderezar	2.96	12.39
adeudar	1.74	12.86
adherir	3.42	12.19
adherirse	2.85	11.44
adicionar	2.73	12.98
adiestrar	4.77	9.22
adivinar	1.43	6.40
adjetivar	1.48	11.10
adjudicar	2.46	11.44
adjudicarse	2.23	11.24
adjuntar	1.89	12.18
administrar	2.77	10.40
admirar	1.22	7.90
admitir	1.77	8.80
adobar	3.74	11.81
adoctrinar	2.73	13.38
adolecer	1.78	13.55
adoptar	2.17	8.52
adoptarse	2.42	9.32
adorar	1.78	7.74
adormecer	1.73	8.61
adormecerse	1.69	9.56
adornar	4.00	6.29
adosar	3.67	12.17
adquirir	3.27	10.04
adscribir	2.26	13.42
aducir	2.65	13.55
adueñar	2.38	8.94
adueñarse	2.38	8.55
adular	1.77	10.66
adulterar	3.30	12.88
advertir	1.67	7.82
afamar	1.79	12.38
afanar	3.08	12.05
afear	1.74	9.63
afectar	1.87	8.44
afeitar	3.54	7.14
afeitarse	3.37	7.82
afeminar	2.27	10.67
aferrar	3.42	11.16
aferrarse	3.38	10.39
afianzar	2.37	11.75
afianzarse	1.88	12.11
aficionar	1.88	9.42
aficionarse	1.65	9.34
afilar	3.31	5.52
afiliar	2.35	11.30
afiliarse	1.93	12.70
afinar	2.74	9.61
afincar	3.38	11.41
afirmar	1.86	8.48
afirmarse	1.74	9.90
afligir	2.04	12.82
aflojar	2.81	7.36
aflorar	3.04	11.12
afluir	3.31	13.38
afrentar	2.71	11.24
afrontar	2.00	9.40
agachar	3.89	4.30
agacharse	3.93	4.96
agarrar	3.33	4.32
agarrarse	3.76	6.06
agarrotar	2.96	11.04
agasajar	2.92	12.29
agazapar	3.23	12.02
agenciar	3.00	13.18
agigantar	3.67	8.73
agilizar	4.12	10.28
agitar	4.92	6.84
agitarse	4.74	8.12
aglomerar	3.46	12.94
aglutinar	2.96	13.14
agobiar	2.77	8.98
agolpar	4.31	11.72
agonizar	3.52	11.28
agotar	2.96	7.58
agotarse	3.46	7.22
agraciar	1.96	11.35
agradar	1.96	8.26
agradecer	2.19	6.38
agrandar	3.04	8.26
agravar	1.92	11.55
agraviar	2.40	12.38
agredir	5.67	8.48
agregar	3.12	9.64
agriar	1.74	11.74
agrietar	3.92	9.12
agrupar	3.15	6.28
agruparse	3.12	7.12
aguantar	2.56	6.28
aguantarse	1.75	6.37
aguar	2.73	11.17
aguardar	1.61	10.40
agudizar	1.96	11.26
aguijar	3.65	12.22
agujerear	3.00	6.56
agusanar	1.78	12.07
aguzar	2.50	12.00
ahijar	1.84	13.04
ahogar	4.59	6.00
ahogarse	4.11	5.49
ahondar	3.42	12.79
ahorcar	4.85	8.36
ahorrar	1.43	7.86
ahorrarse	1.52	8.78
ahuecar	3.27	10.06
ahumar	2.92	10.63
ahumarse	2.35	11.25
ahuyentar	3.96	9.82
airar	2.81	10.97
airear	3.12	10.00
airearse	2.57	9.96
aislar	2.67	9.51
aislarse	2.11	9.14
ajustar	3.08	9.12
ajustarse	2.81	9.55
ajusticiar	3.04	11.92
alabar	2.46	9.57
alabarse	1.92	11.39
alabear	3.17	12.88
alagar	2.00	9.25
alancear	4.08	13.88
alar	2.91	9.76
alardear	2.23	12.14
alargar	2.59	7.58
alargarse	3.39	7.60
alarmar	4.50	8.92
albergar	2.50	11.82
alborear	2.65	13.70
alborotar	3.73	7.44
alborozar	3.12	11.52
alcantarillar	4.88	10.52
alcanzar	3.92	5.84
alcoholizar	3.77	11.88
alear	3.38	12.47
aleccionar	1.88	12.41
alegar	2.08	10.26
alegrar	1.78	4.84
alejar	3.28	5.92
alejarse	4.31	6.22
alentar	2.48	11.77
alertar	3.65	8.78
alertarse	3.31	8.96
aletargar	1.87	13.83
aletear	4.57	7.71
alfombrar	4.38	10.59
aliar	2.13	10.09
aliarse	2.26	9.20
alienar	1.70	12.27
aligerar	4.50	8.78
alimentar	3.62	4.76
alimentarse	3.54	5.16
alinear	3.08	10.16
alinearse	3.08	9.56
aliñar	2.74	9.79
alisar	2.85	8.51
alistar	2.92	10.70
alistarse	2.62	11.02
aliviar	1.78	7.90
allanar	4.27	10.56
allanarse	2.35	11.45
allegar	2.50	11.67
almacenar	4.31	9.04
almidonar	3.72	13.12
almohadillar	2.67	12.47
almorzar	3.62	4.06
alojar	3.07	10.02
alojarse	2.50	8.38
alquilar	2.58	9.46
alquitranar	4.70	12.19
alterar	2.73	8.30
altercar	4.38	11.89
alternar	2.56	10.00
alucinar	1.74	9.58
aludir	1.77	12.11
alumbrar	2.81	7.94
alunizar	3.13	12.57
alzar	4.18	8.54
amadrinar	2.23	10.30
amaestrar	4.58	9.04
amagar	3.33	10.29
amainar	2.62	11.21
amalgamar	3.31	14.87
amamantar	2.92	7.10
amanecer	1.65	6.06
amansar	3.77	9.85
amañar	2.44	11.22
amar	2.04	6.76
amargar	1.44	8.26
amargarse	1.57	10.24
amarillear	2.12	8.20
amarrar	3.58	6.46
amarse	2.35	7.92
amasar	4.23	7.98
ambicionar	1.61	12.92
ambientar	3.04	10.82
amedrentar	3.26	13.22
amenazar	2.54	8.43
amenizar	3.12	11.89
ametrallar	5.27	10.80
amigar	2.31	9.07
amilanar	2.54	13.67
aminorar	2.26	12.38
amolar	3.38	13.42
amoldar	3.12	10.46
amoldarse	2.69	10.37
amonestar	2.50	10.77
amontonar	3.81	8.60
amordazar	4.62	12.45
amortajar	4.13	13.94
amortiguar	3.58	10.94
amortizar	1.75	13.54
amotinar	5.08	12.11
amparar	2.52	12.17
ampararse	2.12	11.62
ampliar	2.62	8.42
ampliarse	3.22	9.80
amplificar	3.12	10.34
ampollar	3.11	12.76
amputar	4.58	11.36
amueblar	4.81	8.54
amurallar	5.81	10.69
analizar	2.13	10.02
analizarse	1.81	11.64
anatematizar	2.42	12.22
anclar	3.65	9.80
anclarse	3.19	10.96
andar	5.19	3.50
andarse	2.62	6.80
anegar	2.74	13.14
anestesiar	3.35	10.96
anexar	2.15	13.42
anexionar	2.96	13.24
anexionarse	2.43	13.68
angostar	2.31	12.50
angustiar	2.26	10.52
anhelar	1.26	12.14
anidar	3.69	9.75
anillar	3.58	10.16
animalizar	2.71	10.91
animar	3.25	7.32
animarse	2.58	7.20
aniquilar	5.42	10.59
anochecer	1.65	6.08
anonadar	1.88	12.61
anotar	2.81	7.06
anotarse	2.37	8.36
ansiar	2.30	11.98
anteceder	1.52	12.20
anteponer	1.61	11.10
anticipar	1.92	9.70
anticiparse	2.65	9.86
anudar	3.54	7.94
anular	2.04	9.62
anunciar	2.07	7.47
anunciarse	2.73	9.46
añadir	2.46	7.38
añadirse	2.42	8.42
añorar	1.35	9.76
apabullar	2.62	12.32
apacentar	3.38	13.04
apaciguar	2.15	12.06
apadrinar	1.83	9.02
apagar	2.19	4.50
apalabrar	2.00	12.40
apalancar	1.92	10.58
apalear	5.85	10.83
apandar	2.77	11.50
apañar	3.59	9.76
aparcar	4.15	7.40
aparear	5.81	10.19
aparecer	2.00	6.24
aparejar	3.12	10.98
aparentar	2.50	10.32
apartar	3.27	7.02
apartarse	3.15	7.02
apasionar	2.09	10.82
apear	3.35	13.04
apearse	3.58	13.49
apechugar	2.26	10.73
apedrear	5.04	8.16
apegarse	2.19	10.70
apelar	2.19	14.02
apellidar	1.22	7.42
apelotonarse	4.19	9.98
apenar	1.78	8.88
apercibir	2.07	14.23
apesadumbrar	1.83	13.88
apestar	1.42	6.20
apetecer	1.83	5.80
apiadar	1.48	9.94
apilar	4.17	10.20
apiñar	3.50	11.85
apisonar	5.27	9.81
aplacar	4.08	11.36
aplanar	3.85	9.98
aplastar	4.28	5.58
aplaudir	3.52	4.70
aplazar	2.04	10.12
aplicar	2.52	8.42
aplicarse	3.46	9.58
apocopar	2.42	14.00
apodar	1.42	9.50
apoderar	2.93	9.84
apoderarse	2.92	9.94
apoltronarse	2.56	13.31
apoquinar	2.65	11.59
aporrear	5.52	9.32
aportar	2.42	8.76
aposentar	2.35	11.86
aposentarse	2.12	12.28
apostar	2.63	8.88
apostatar	1.57	13.28
apostillar	2.33	14.00
apoyar	2.73	7.52
apoyarse	2.33	6.36
apreciar	1.61	8.44
aprehender	3.19	10.72
apremiar	3.12	10.46
aprender	2.21	4.47
aprenderse	1.91	6.38
apresar	4.85	10.02
aprestarse	3.48	9.91
apresurar	3.78	8.52
apretar	3.50	5.72
apretarse	3.42	6.76
aprisionar	4.35	11.00
aprobar	2.26	5.74
aprobarse	1.57	8.16
apropiar	3.27	9.64
apropiarse	3.46	8.90
aprovechar	2.00	7.94
aprovecharse	2.09	8.70
aprovisionar	3.31	12.00
aproximar	3.81	8.94
aproximarse	3.92	8.76
apuntalar	4.31	12.81
apuntar	1.88	6.49
apuntarse	1.88	7.12
apuñalar	5.31	9.48
apurar	3.25	8.30
aquejar	1.91	13.22
aquietar	2.59	11.70
arañar	3.23	5.14
arañarse	2.88	6.46
arar	5.77	9.54
arbitrar	4.27	8.57
archivar	3.15	8.66
arder	3.04	6.52
arengar	2.31	13.16
argüir	1.81	13.63
argumentar	2.07	11.58
argumentarse	1.81	11.46
armar	3.81	7.06
armarse	3.30	8.50
armonizar	2.58	11.46
arponear	4.78	12.44
arquear	4.12	11.13
arraigar	2.00	12.95
arramblar	4.42	15.71
arrancar	3.52	6.60
arrasar	4.85	8.90
arrastrar	5.07	6.46
arrastrarse	4.70	6.00
arrear	3.93	7.98
arrebatar	3.77	8.54
arreciar	2.70	12.60
arreglar	4.27	6.08
arreglarse	3.26	7.08
arremeter	4.26	12.77
arremolinarse	3.54	11.13
arrendar	2.42	12.36
arrepentirse	1.70	6.94
arrestar	4.22	6.44
arribar	3.52	12.65
arriesgar	2.74	8.88
arriesgarse	3.21	8.24
arrimar	3.12	8.23
arrinconar	3.38	8.59
arrobar	2.85	8.94
arrodillar	4.12	6.04
arrodillarse	3.81	5.76
arrojar	4.62	7.71
arrojarse	4.23	8.64
arrollar	5.38	10.38
arropar	3.17	5.29
arrostrar	2.23	13.50
arrugar	3.11	6.12
arruinar	2.96	9.12
arruinarse	1.92	9.96
arrullar	2.52	7.91
arrumbar	3.77	13.13
articular	3.54	10.04
articularse	3.19	10.92
asaetear	3.19	14.00
asalariar	1.83	13.27
asaltar	5.08	9.28
asar	2.92	8.09
ascender	4.74	8.64
asear	4.46	5.92
asearse	4.42	6.22
asediar	3.73	13.15
asegurar	2.04	8.48
asegurarse	1.70	9.18
asemejar	2.12	10.76
asentar	2.69	11.71
asentir	2.54	8.82
aserrar	4.52	12.00
asesinar	6.46	8.70
asesorar	2.54	11.84
asesorarse	1.96	13.06
asestar	4.69	12.59
aseverar	1.71	13.36
asfaltar	5.41	9.22
asfixiar	4.73	8.24
asfixiarse	4.12	6.98
asignar	2.30	10.52
asimilar	1.39	10.24
asir	3.62	13.89
asistir	3.04	7.50
asociar	1.92	9.84
asociarse	2.81	10.34
asolar	3.54	12.71
asolear	1.85	11.25
asomar	2.82	7.46
asomarse	2.81	6.22
asombrar	2.22	7.88
aspar	3.50	13.36
aspirar	3.00	9.16
asquear	1.77	9.34
astillar	4.33	10.65
asumir	1.67	8.72
asumirse	1.48	11.12
asustar	3.79	4.18
asustarse	2.87	4.50
atacar	5.77	6.70
atajar	3.19	9.84
atar	3.46	6.20
atardecer	1.74	6.86
atarse	3.85	6.34
atemorizar	2.54	9.88
atemperar	2.69	12.50
atenazar	3.59	13.00
atender	2.26	5.68
atener	1.83	11.79
atenerse	1.57	11.29
atentar	4.58	11.56
atenuar	2.35	12.46
aterrar	3.27	8.47
aterrizar	3.96	6.94
aterrorizar	3.62	7.96
atesorar	2.33	12.49
atestiguar	2.19	13.57
atiborrar	3.58	9.78
atinar	3.19	11.21
atisbar	2.13	13.47
atizar	4.96	9.77
atontar	1.65	7.96
atorar	3.46	11.76
atormentar	2.89	9.78
atornillar	3.89	7.90
atosigar	3.92	10.43
atracar	4.92	8.50
atraer	2.22	8.20
atragantar	2.81	6.30
atrancar	3.74	8.92
atrapar	4.38	6.76
atrasar	1.88	8.26
atravesar	3.85	8.06
atrever	2.09	8.02
atreverse	2.87	7.57
atribuir	1.63	11.72
atrincherar	3.84	12.49
atropar	3.31	12.55
atropellar	3.52	7.48
aturdir	3.19	11.70
aturullar	2.92	11.03
atusarse	3.59	11.21
auditar	2.52	14.04
augurar	1.58	12.98
aullar	2.48	7.20
aumentar	2.50	7.43
aunar	2.81	12.25
aupar	4.79	5.30
auparse	4.67	5.36
auscultar	4.08	11.80
ausentar	2.35	9.10
ausentarse	1.96	10.20
auspiciar	2.46	13.08
autentificar	1.85	12.20
autocriticar	1.62	12.94
autocriticarse	1.15	11.57
autodefenderse	5.30	9.48
autodefinir	1.70	11.78
autodefinirse	1.73	11.96
autorizar	1.74	8.36
autosugestionarse	1.58	15.00
auxiliar	4.65	10.48
avalar	2.08	14.06
avanzar	3.78	7.02
avasallar	3.85	9.90
aventajar	2.50	9.84
aventar	4.07	10.67
aventurar	3.46	9.78
aventurarse	4.07	8.68
avergonzar	1.83	8.18
averiar	2.79	7.71
averiguar	2.39	8.70
avisar	2.17	5.78
avistar	2.04	10.95
avivar	4.35	10.98
ayudar	3.48	5.00
ayudarse	2.56	5.46
ayunar	1.26	9.63
azotar	4.73	8.40
azucarar	2.30	8.00
babear	2.13	6.18
babosear	2.62	8.96
bailar	6.35	4.22
bajar	4.17	3.86
bajarse	3.38	5.12
balancear	3.81	6.82
balancearse	4.31	5.76
balar	3.23	10.69
balbucear	3.31	9.71
balbucir	2.44	12.13
bambolear	4.04	11.52
bandear	3.46	12.39
bañar	3.93	3.62
bañarse	4.21	3.86
barajar	3.15	8.35
barnizar	4.67	9.60
barrer	4.50	5.56
barritar	2.31	14.23
barruntar	2.00	12.69
basar	2.17	11.13
basarse	1.96	10.43
bascular	4.35	12.19
bastar	1.43	9.52
batallar	6.23	8.80
batear	5.23	8.36
batir	4.19	7.75
bautizar	2.41	6.68
bautizarse	1.70	6.44
beatificar	1.52	13.14
beber	3.00	3.52
beberse	2.56	5.36
becar	1.75	13.78
bendecir	1.88	7.14
beneficiar	2.28	9.18
beneficiarse	1.39	10.74
berrear	2.22	7.62
besar	3.46	5.40
besarse	3.58	4.90
besuquear	3.72	7.35
birlar	4.38	10.91
bisbisear	1.93	12.38
biselar	2.78	14.11
bizquear	2.46	10.50
blandir	4.23	12.24
blanquear	3.37	9.98
blanquecer	2.62	9.94
blasfemar	1.96	12.26
blasonar	2.19	13.67
blocar	3.31	12.08
bloquear	3.81	9.04
bogar	4.11	12.36
boicotear	3.81	12.83
bombardear	5.65	9.78
bombear	5.22	10.64
boquear	3.12	11.79
bordar	3.32	7.88
bordear	3.23	7.63
borrar	2.96	4.44
borrarse	2.19	6.14
bosquejar	3.52	12.00
bostezar	2.26	5.12
botar	5.04	5.98
boxear	6.19	7.92
bracear	4.88	10.58
bramar	3.12	12.32
bregar	4.81	14.64
brillar	1.70	5.74
brincar	6.00	5.16
brindar	2.74	7.84
bromear	2.19	6.16
broncear	1.96	8.28
brotar	2.57	8.84
bruñir	3.84	13.11
brutalizarse	4.08	10.56
bucear	6.00	7.66
bufar	2.81	11.34
bufonearse	3.04	11.59
bullir	3.88	13.13
burbujear	3.35	7.96
burlar	2.25	6.94
burlarse	2.08	6.98
buscar	4.04	5.08
buscarse	2.69	6.70
cabalgar	5.52	7.86
cabecear	3.31	9.90
caber	2.48	5.59
cablear	3.92	11.23
cabrear	2.85	6.18
cabrearse	2.48	5.58
cacarear	2.00	7.06
cachear	4.35	11.66
cachondearse	2.38	10.02
caducar	1.39	7.54
caer	3.81	3.98
caerse	4.78	4.18
cagar	3.19	4.68
cagarse	3.92	4.28
calafatear	4.12	14.86
calar	2.54	10.43
calcar	2.48	5.72
calcular	2.17	6.20
caldear	2.62	10.49
calentar	3.37	5.08
calentarse	3.04	4.96
calibrar	2.48	12.67
calificar	1.74	8.12
calificarse	1.74	9.37
caligrafiar	3.69	10.78
callar	1.54	3.86
callarse	1.65	3.96
callejear	4.92	11.33
calmar	2.54	6.94
calumniar	2.19	12.12
calzar	3.00	6.80
cambiar	3.10	5.58
cambiarse	4.12	5.60
camelarse	2.69	12.46
caminar	4.86	3.62
campanear	4.44	10.44
campanillear	3.37	10.38
campar	3.83	10.58
camuflar	3.04	9.18
canalizar	3.23	12.47
cancelar	1.54	8.48
canjear	2.93	10.31
canonizar	1.74	13.49
cansar	3.00	4.92
cansarse	2.91	5.02
cantar	2.59	4.06
cantarse	2.28	6.21
cantonearse	3.69	12.44
canturrear	2.22	8.31
capacitar	2.19	9.55
capar	5.08	12.24
capear	3.85	13.43
capitalizar	2.04	13.67
capitanear	3.04	8.35
capitular	2.17	11.70
captar	2.26	8.76
capturar	3.96	7.66
caracolear	3.09	10.75
caracterizar	2.54	10.42
caracterizarse	2.35	10.10
carbonizar	3.31	10.90
carcajear	4.23	10.46
cardar	3.72	13.89
carecer	1.26	9.90
cargar	4.46	7.20
cargarse	2.86	7.46
caricaturizar	3.54	10.39
carraspear	2.69	9.59
carretear	4.46	10.35
cartear	3.29	10.44
cartografiar	4.11	13.35
casar	2.19	5.94
casarse	2.48	6.38
cascar	2.96	8.53
castigar	2.07	4.44
castrar	4.04	10.72
catalizar	2.35	14.25
catalogar	2.63	11.56
catalogarse	1.61	12.32
catapultar	4.50	11.24
catar	2.83	11.46
categorizar	2.28	11.96
catequizar	2.65	9.19
causar	2.35	8.18
cauterizar	3.69	14.48
cautivar	2.65	10.88
cavar	5.93	7.06
cavilar	1.61	13.63
cazar	5.42	7.30
cebar	3.54	11.65
cecear	2.12	12.09
ceder	2.23	9.47
cegar	2.85	9.42
cejar	2.44	11.69
celar	2.38	12.37
celarse	1.83	12.58
celebrar	4.12	5.44
celebrarse	3.65	5.50
cementar	5.19	11.42
cenar	3.48	3.86
censar	2.50	12.85
censurar	2.31	11.52
centellear	2.75	11.15
centralizar	2.00	11.50
centrar	2.42	8.42
centrarse	1.88	9.00
centrifugar	4.39	11.34
centuplicar	2.67	12.95
ceñir	3.07	11.63
ceñirse	1.59	11.68
cepillar	3.69	4.82
cepillarse	3.23	4.58
cercar	4.31	10.72
cercenar	3.54	14.00
cerciorar	1.43	13.54
cerciorarse	1.74	12.46
cerrar	2.86	4.04
cerrarse	2.48	5.78
certificar	2.35	12.22
cesar	1.65	11.69
chamuscar	3.44	9.24
changar	3.92	11.33
chantajear	2.65	10.20
chapar	3.54	12.05
chapotear	4.67	6.32
chapurrear	3.04	9.15
chaquetear	2.59	12.17
charlar	3.04	7.16
chasquear	3.54	8.68
chatear	3.19	11.34
chequear	2.62	11.46
chillar	3.04	4.73
chinchar	2.54	6.49
chirriar	2.54	8.73
chismear	2.35	9.63
chismorrear	2.41	10.10
chispear	2.77	7.35
chistar	2.42	9.23
chivar	1.74	6.34
chivarse	1.85	5.46
chocar	4.38	5.48
chochear	1.42	11.39
chorrear	2.22	7.20
chupar	2.50	3.98
chutar	5.29	7.73
cicatrizar	2.39	6.94
cifrar	2.00	10.94
cimbrear	3.52	14.09
cimentar	4.69	13.09
cincelar	4.04	12.15
cinematografiar	4.00	12.10
circular	4.15	8.90
circuncidar	3.92	13.37
circundar	3.50	14.45
circunscribir	2.38	13.00
circunstanciar	1.74	12.07
circunvalar	4.00	14.15
citar	1.77	9.92
citarse	2.04	10.31
civilizar	2.54	11.02
clamar	2.58	11.75
clarear	2.35	11.84
clarificar	1.71	12.04
clasificar	2.73	8.34
clasificarse	2.13	8.76
claudicar	2.19	14.00
clausurar	2.96	11.88
clavar	3.85	6.90
clavetear	4.19	10.10
climatizar	2.73	11.04
clonar	3.26	11.76
cloroformizar	3.52	14.42
coaccionar	2.67	12.67
coadyuvar	3.42	15.11
coagular	2.00	12.40
coartar	2.04	12.82
cobijar	3.42	10.20
cobijarse	3.23	10.02
cobrar	2.22	8.84
cobrarse	2.39	8.48
cocear	4.58	9.93
cocer	2.96	7.66
cocinar	4.38	4.60
codear	3.59	11.64
codiciar	1.79	11.98
codificar	2.38	12.28
coexistir	1.57	12.56
coger	3.11	3.24
cogerse	2.89	5.82
cohabitar	3.73	13.26
cohibir	2.23	11.83
coincidir	1.78	8.32
cojear	4.31	7.58
colaborar	2.71	7.12
colapsar	3.07	11.29
colar	2.92	7.16
colarse	3.42	7.10
coleccionar	2.13	6.49
colectar	4.00	9.82
colectivizar	2.42	12.49
colegiarse	2.22	11.04
colerizar	3.70	12.84
colgar	3.15	5.18
colindar	2.09	14.00
colisionar	5.31	10.74
colmar	2.85	10.27
colocar	2.96	5.78
colocarse	3.50	6.48
colonizar	5.85	11.32
colorear	3.31	3.96
coludir	2.31	14.57
columpiar	4.93	4.46
columpiarse	4.96	4.30
comandar	3.38	11.96
combatir	5.81	7.72
combatirse	4.27	10.10
combinar	2.11	8.00
comentar	1.85	8.20
comenzar	2.61	5.70
comer	3.55	3.24
comercializar	3.81	11.00
comerciar	3.77	10.64
comerse	2.70	4.29
cometer	3.41	8.98
comisionar	2.19	13.43
compactar	3.65	11.24
compadecer	1.83	10.38
compaginar	2.46	11.68
comparar	1.70	7.62
compararse	1.48	8.08
comparecer	2.88	12.04
compartimentar	3.23	13.02
compartir	2.65	4.88
compatibilizar	2.15	12.04
compeler	3.33	13.33
compelir	3.23	15.50
compendiar	2.04	13.56
compenetrarse	2.22	11.08
compensar	2.35	9.38
competer	2.17	13.41
competir	5.73	6.60
compilar	2.65	13.96
complacer	2.61	10.50
complementar	2.77	9.68
completar	2.48	6.18
completarse	2.14	8.26
complicar	2.50	9.00
complicarse	1.52	8.60
componer	3.19	9.14
comportar	2.26	5.66
comportarse	2.08	5.36
comprar	4.19	4.84
comprarse	2.38	5.42
comprender	1.52	7.40
comprenderse	1.43	7.78
comprimir	4.26	10.54
comprobar	1.96	8.10
comprobarse	2.23	9.44
comprometer	2.19	9.56
comprometerse	2.23	10.34
compulsar	2.35	14.22
compungir	2.15	14.14
computar	2.42	12.72
comulgar	2.96	9.65
comunicar	2.07	7.68
comunicarse	2.11	6.24
concatenar	2.54	14.63
concebir	5.27	11.37
conceder	2.12	10.08
concentrar	1.61	8.92
concentrarse	1.58	8.26
conceptualizar	1.92	11.76
concernir	1.88	13.85
concertar	2.23	12.20
concienciar	1.77	10.67
conciliar	1.91	11.08
concitar	1.71	13.67
concluir	2.27	10.06
concordar	2.07	12.14
concretar	2.00	10.62
concretarse	1.48	11.28
concretizar	1.73	13.13
conculcar	2.22	14.70
concurrir	3.04	11.90
concursar	2.87	6.98
condecorar	2.58	12.09
condenar	1.88	10.26
condensar	2.74	11.04
condescender	1.61	14.60
condicionar	2.11	11.66
condimentar	2.96	11.34
condonar	2.26	15.67
conducir	4.04	6.16
conducirse	3.50	10.39
conectar	2.85	8.84
conexionar	3.04	11.89
confabular	2.46	12.75
confeccionar	4.44	10.64
confederar	2.09	13.48
conferenciar	3.31	13.29
conferir	1.87	12.82
confesar	1.50	7.52
confiar	1.48	7.24
confiarse	1.39	8.46
configurar	2.19	11.28
confinar	2.50	13.10
confirmar	2.00	9.24
confirmarse	1.88	9.30
confiscar	3.50	11.22
confitar	2.81	14.07
confluir	2.88	14.23
conformar	1.22	8.41
conformarse	1.17	8.22
confortar	2.22	11.08
confraternizar	2.09	13.43
confrontar	3.48	12.85
confundir	1.35	7.86
confundirse	1.52	6.84
congelar	1.87	6.76
congeniar	2.44	10.86
congestionar	2.35	10.80
conglomerar	3.54	13.04
congraciar	1.91	13.85
congraciarse	2.00	13.14
congratular	1.96	12.51
congregar	3.69	12.33
conjeturar	1.64	13.97
conjugar	2.00	8.74
conjuntar	2.81	9.85
conjurar	2.54	10.92
conjurarse	2.04	11.80
conllevar	1.88	10.66
conmemorar	2.50	12.31
conminar	2.27	12.45
conmover	2.27	10.13
conmutar	2.13	14.17
conocer	1.35	5.86
conocerse	2.62	6.48
conquistar	3.74	8.70
consagrar	2.04	12.27
conseguir	2.50	6.34
conseguirse	1.57	8.47
consensuar	2.31	13.74
consentir	1.22	8.76
conservar	1.48	8.28
considerar	1.30	9.24
considerarse	1.52	9.44
consignar	2.54	13.20
consistir	1.46	8.98
consolar	2.85	8.96
consolidar	2.69	11.86
consolidarse	2.00	11.75
conspirar	1.92	11.02
constar	1.48	11.73
constatar	1.54	12.81
consternar	2.08	12.54
constipar	1.83	7.61
constituir	2.79	11.12
constituirse	2.81	11.94
constreñir	3.23	14.33
construir	5.38	5.46
construirse	4.59	8.90
consultar	1.92	7.36
consumar	4.33	12.58
consumarse	3.42	11.91
consumir	3.30	8.82
consumirse	1.78	10.36
contabilizar	2.69	10.76
contabilizarse	2.19	12.43
contactar	2.85	8.94
contagiar	2.13	9.40
contagiarse	1.63	8.22
contaminar	2.61	8.08
contar	2.43	4.18
contarse	1.93	6.73
contemplar	1.42	8.88
contemporizar	2.23	12.84
contener	1.67	8.12
contentar	2.13	7.98
contentarse	1.61	7.26
contestar	2.12	5.24
contextualizar	1.83	13.18
continuar	2.59	6.36
continuarse	2.65	9.08
contorsionarse	5.38	11.46
contraatacar	5.81	9.92
contrabalancear	2.89	12.47
contradecir	1.63	9.04
contraer	3.65	10.46
contraindicar	1.77	11.98
contrapesar	4.00	13.09
contraponer	2.59	11.76
contrariar	1.85	10.18
contrarrestar	2.85	11.74
contrastar	2.08	12.55
contratar	2.65	10.30
contravenir	2.27	13.56
contribuir	2.73	10.00
controlar	3.00	8.76
controlarse	1.89	8.24
controvertir	2.50	13.40
convalecer	1.78	12.57
convalidar	1.96	14.88
convencer	1.81	7.46
convencerse	1.43	8.76
convenir	1.91	10.02
converger	2.54	12.05
conversar	2.71	7.96
convertir	2.83	8.46
convertirse	2.09	7.80
convidar	2.65	11.32
convivir	4.04	9.52
convocar	2.08	10.40
convulsionar	5.88	12.50
cooperar	3.19	9.68
coordinar	3.30	9.70
coordinarse	3.00	10.47
copar	2.67	14.08
copiar	2.65	5.49
copiarse	2.62	6.40
copular	6.46	11.98
coquetear	3.42	10.50
corear	3.15	9.45
cornear	4.92	11.00
coronar	2.56	7.84
corregir	2.00	6.56
corregirse	2.23	7.86
correlacionar	2.38	14.27
correr	6.15	3.90
correrse	4.38	12.12
corresponder	2.12	10.26
corretear	5.50	4.69
corroborar	2.00	12.56
corroer	3.00	12.43
corromper	2.50	11.72
corrugar	2.92	13.22
cortar	3.33	4.14
cortarse	3.14	4.98
cortejar	3.07	11.58
cosechar	5.96	8.36
coser	4.00	6.40
cosquillear	3.96	6.80
costar	1.83	6.14
costear	2.15	10.90
costurear	3.69	10.59
cotejar	2.27	13.44
cotillear	2.04	8.28
cotizar	3.04	14.31
cotizarse	2.00	14.06
crear	2.70	5.84
crearse	2.22	8.10
crecer	3.09	4.80
creer	1.17	6.06
creerse	1.38	7.22
crepitar	2.26	13.53
criar	3.89	6.84
criarse	2.35	7.16
cribar	3.54	14.14
criminalizar	2.77	12.10
crispar	2.63	13.05
cristalizar	2.50	11.85
cristianizar	2.42	10.48
criticar	1.81	8.74
criticarse	1.74	9.02
croar	2.07	6.37
cronificarse	1.74	14.14
cronometrar	1.77	8.56
crucificar	4.62	7.24
crujir	2.85	8.60
cruzar	3.48	5.84
cuadrar	2.85	10.26
cuadricular	2.26	8.04
cuadruplicar	2.88	10.52
cuajar	2.89	10.73
cualificar	2.11	11.51
cuantificar	2.46	11.80
cuartear	3.19	12.44
cubrir	3.28	7.06
cubrirse	3.54	6.80
cuchichear	1.88	7.96
cuestionar	1.75	9.42
cuestionarse	1.65	10.50
cuidar	3.42	5.00
cuidarse	3.28	6.24
culebrear	4.42	11.38
culminar	2.96	11.52
culminarse	2.75	12.91
culpabilizar	1.69	9.12
culpabilizarse	1.54	9.55
culpar	1.65	6.82
culparse	2.07	6.92
cultivar	4.65	6.22
cultivarse	2.19	9.59
culturizar	1.83	11.96
cumplimentar	2.54	12.59
cumplir	2.04	5.82
cumplirse	1.52	6.78
cundir	2.09	11.63
curar	3.96	5.00
curarse	2.30	5.50
curiosear	2.65	7.73
currar	6.04	8.96
cursar	2.38	8.94
curtir	4.29	12.62
curvar	3.27	8.46
custodiar	2.85	11.27
damnificar	3.31	12.80
danzar	5.56	7.68
dañar	3.69	6.48
dar	2.79	3.84
darse	2.69	5.82
datar	1.73	13.30
deambular	4.12	10.54
debatir	2.71	10.40
deber	2.65	6.20
deberse	1.83	9.16
debilitar	2.27	8.54
debilitarse	1.83	8.60
debutar	3.70	10.29
decaer	2.19	10.88
decantar	2.08	12.02
decapitar	5.48	10.88
decepcionar	1.35	8.50
decidir	1.70	7.60
decidirse	1.61	7.54
decir	1.96	4.66
decirse	1.69	6.44
declamar	2.58	12.77
declarar	2.15	9.88
declararse	2.42	9.60
declinar	2.46	12.85
decodificar	2.12	12.06
decomisar	3.35	13.61
decorar	3.63	7.84
decrecer	2.35	10.47
decretar	1.92	13.66
dedicar	2.34	8.37
dedicarse	3.04	8.92
deducir	1.52	10.28
deducirse	1.17	10.68
defecar	3.38	9.30
defender	3.12	6.14
defenderse	4.93	6.90
defenestrar	4.12	14.47
definir	1.70	8.00
definirse	1.58	9.16
deflagrar	2.70	14.78
deforestar	5.81	11.04
deformar	3.70	8.08
deformarse	3.35	9.24
defraudar	2.00	9.76
degenerar	2.42	11.91
deglutir	3.33	13.21
degollar	5.31	11.16
degradar	2.65	11.31
degustar	3.00	10.98
dejar	2.50	5.00
dejarse	1.30	7.58
delatar	2.38	10.08
delegar	2.09	11.22
deleitar	2.19	11.31
deletrear	1.96	6.54
deliberar	1.85	12.84
delimitar	2.85	11.14
delinear	3.00	11.44
delinquir	4.89	11.31
delirar	2.22	11.64
demacrarse	3.46	12.13
demandar	2.37	11.22
demarcar	3.31	11.94
democratizar	2.09	12.90
demoler	5.77	9.20
demorar	1.48	10.14
demorarse	1.74	10.59
demostrar	2.30	8.00
demudar	3.54	11.00
denegar	1.69	10.42
denigrar	1.92	13.68
denominar	1.74	9.22
denostar	2.26	13.00
denotar	1.87	13.41
densificar	3.15	11.98
denunciar	2.22	9.56
deparar	2.00	12.40
departir	2.58	13.42
depender	1.17	8.76
depilar	4.50	10.37
depilarse	4.50	10.18
deponer	2.96	12.70
deportar	4.08	12.43
depositar	2.78	9.52
depositarse	2.33	9.88
depravar	2.23	14.20
depreciar	1.88	10.86
depredar	5.04	11.07
deprimir	1.22	10.64
deprimirse	1.30	10.42
deprivar	2.00	15.25
depurar	3.85	11.35
derivar	2.16	11.67
derogar	1.48	13.74
derramar	3.08	5.82
derrapar	5.35	9.22
derretir	2.04	6.40
derretirse	2.38	6.40
derribar	4.92	7.66
derrocar	4.08	12.62
derrochar	2.62	10.76
derrotar	4.28	7.54
derruir	5.00	10.32
derrumbar	4.11	8.52
derrumbarse	2.55	8.41
desabastecer	3.15	12.02
desabrigar	3.19	6.63
desabrochar	2.63	5.52
desacatar	2.46	12.09
desacelerar	2.67	11.46
desacertar	1.77	11.41
desaconsejar	1.50	10.74
desacoplar	3.15	12.58
desacostumbrar	1.91	9.52
desacreditar	2.08	12.40
desactivar	2.42	9.30
desafiar	2.54	9.50
desafinar	2.73	8.66
desaforar	2.73	14.40
desagradar	1.30	8.58
desagradecer	1.39	7.92
desagraviar	2.58	13.95
desagregar	2.52	13.04
desahogar	2.73	10.36
desahogarse	2.42	10.40
desahuciar	3.96	12.54
desairar	2.35	12.37
desajustar	2.81	10.26
desalentar	1.88	12.36
desaliñar	2.69	11.54
desalojar	4.65	10.52
desamoldar	3.19	12.35
desamparar	2.04	11.41
desandar	3.77	11.46
desanimar	1.73	9.34
desanudar	3.15	8.09
desaparear	2.54	10.57
desaparecer	2.04	7.16
desaparejar	3.33	11.59
desaprobar	1.93	10.22
desaprovechar	1.52	9.18
desarmar	4.08	8.60
desarmarse	3.52	9.10
desarraigar	3.08	14.30
desarreglar	3.38	9.41
desarrollar	2.19	7.98
desarrollarse	2.62	8.51
desarticular	3.50	12.08
desasir	3.29	13.11
desasistir	1.43	12.32
desasosegar	2.92	13.00
desatar	3.35	6.72
desatascar	4.19	8.41
desatender	1.52	8.46
desatornillar	4.31	8.00
desatrancar	4.52	10.59
desautorizar	2.27	10.36
desayunar	3.04	3.60
desbancar	3.22	12.98
desbaratar	4.00	10.15
desbarrar	2.92	10.63
desbloquear	2.46	9.68
desbordar	3.42	9.33
desbordarse	3.74	10.46
desbravar	3.88	12.78
desbridar	3.67	14.48
desbrozar	5.04	12.89
descabalgar	4.70	10.57
descabezar	3.92	9.36
descacharrar	3.52	10.12
descafeinar	1.70	11.12
descalabrar	4.58	13.03
descalcificar	3.00	12.55
descalificar	2.00	8.94
descalzar	2.56	6.13
descamar	4.46	10.62
descambiar	2.67	10.31
descamisar	3.65	11.23
descansar	1.39	5.49
descapotar	3.52	10.64
descargar	3.69	8.32
descarnar	4.07	14.08
descarriar	4.62	11.23
descarrilar	4.88	10.84
descartar	1.79	10.59
descascarar	3.68	9.95
descascarillar	3.46	10.32
descender	3.96	8.67
descentralizar	2.85	12.61
descentrar	2.35	10.76
descerebrar	3.00	11.86
descerrajar	4.04	12.87
descifrar	1.85	8.90
desclasificar	2.37	10.92
desclavar	4.04	10.45
descocarse	3.23	12.56
descodificar	2.38	12.46
descogollar	4.26	13.89
descolgar	2.85	7.02
descolgarse	3.88	8.69
descolocar	3.22	7.64
descompensar	2.96	11.22
descomponer	4.08	10.12
descomponerse	2.30	9.14
descomprimir	3.12	13.09
desconcertar	1.92	12.14
desconchar	3.81	10.19
desconectar	2.26	8.94
desconfiar	1.42	8.98
descongelar	2.91	7.94
descongestionar	3.16	11.58
desconocer	1.79	7.26
desconsiderar	1.88	11.73
desconsolar	1.74	8.90
descontaminar	4.35	9.96
descontar	1.77	9.49
descontextualizar	1.63	13.41
desconvocar	2.08	12.64
descorazonar	2.65	12.70
descorrer	4.00	11.49
descortezar	3.42	12.03
descoser	3.23	7.88
descostillar	4.42	12.22
descoyuntar	4.79	12.34
descreer	1.42	11.78
describir	1.74	7.67
descristianizar	1.78	13.46
descuajaringar	3.62	12.08
descuartizar	6.33	10.82
descubrir	2.33	6.26
descubrirse	2.04	8.34
descuidar	1.57	7.54
desdentar	3.96	10.30
desdeñar	2.56	13.81
desdeñarse	2.57	13.88
desdibujar	2.77	9.00
desdoblar	2.69	7.94
desdoblarse	4.19	9.66
desdramatizar	1.91	13.49
desear	2.00	6.60
desecar	2.78	11.91
desechar	2.88	9.18
desembalar	4.75	10.74
desembalsar	4.31	11.32
desembarcar	4.69	8.84
desembocar	2.81	10.34
desembolsar	2.83	12.17
desembozar	3.04	12.74
desembragar	3.42	14.30
desembuchar	2.92	10.60
desempacar	4.67	10.36
desempañar	3.35	10.65
desempaquetar	3.77	7.72
desempatar	2.88	7.78
desempeñar	3.27	9.68
desempolvar	3.54	9.61
desempotrar	4.62	11.73
desempuñar	2.96	10.85
desencadenar	3.07	10.50
desencajar	3.79	9.98
desencantar	1.48	10.98
desenchufar	2.15	6.54
desenclavarse	4.25	12.03
desencolar	3.85	12.04
desencuadernar	3.31	10.63
desenfadar	2.55	9.42
desenfocar	2.38	10.31
desenfrenar	3.77	12.76
desenfundar	3.31	9.61
desenganchar	3.04	8.42
desengañar	1.43	11.08
desengarzar	3.50	13.38
desengrasar	4.12	9.86
desenjabonarse	3.22	7.56
desenmarañar	4.00	13.00
desenmascarar	2.70	9.51
desenredar	3.69	6.30
desenrollar	3.62	6.98
desenroscar	3.27	7.60
desensillar	3.22	11.08
desentender	1.61	10.22
desentenderse	1.62	10.18
desenterrar	5.63	7.66
desentonar	1.81	10.88
desentrañar	3.65	11.42
desentrenar	1.91	9.73
desentubar	4.22	12.14
desentumecer	3.58	11.91
desenvainar	3.81	12.20
desenvasar	3.15	10.87
desenvolver	2.73	8.06
desenvolverse	3.03	11.40
desequilibrar	3.12	10.52
desequilibrarse	3.42	11.02
desertar	3.29	12.45
desesperar	2.42	7.86
desestabilizar	2.96	11.22
desestabilizarse	3.88	11.62
desestimar	1.88	11.94
desfallecer	3.04	11.90
desfasar	4.08	12.63
desfigurar	3.85	10.46
desfilar	4.46	8.28
desfogar	4.29	13.49
desfogarse	4.35	12.45
desfondar	3.85	11.73
desgajar	3.08	11.03
desgarrar	4.88	9.36
desgastar	3.31	7.61
desglosar	2.46	11.96
desgraciar	3.00	11.00
desgranar	3.31	11.30
desgravar	1.57	13.78
desguazar	5.31	12.11
deshabitar	2.85	10.08
deshabituar	2.62	12.43
deshacer	3.58	7.18
deshacerse	3.19	9.18
desheredar	1.57	10.98
deshidratar	2.36	10.16
deshilachar	3.85	10.20
deshinchar	2.93	8.22
deshojar	3.27	9.10
deshonrar	2.63	11.28
deshuesar	4.19	9.73
designar	1.85	10.82
desilusionar	1.54	9.08
desinfectar	3.54	8.76
desinflar	3.00	6.43
desintegrar	3.62	10.78
desintegrarse	3.13	11.20
desinteresar	1.65	10.29
desintoxicar	2.35	11.26
desistir	1.75	11.18
desliar	3.38	11.02
desligar	2.92	12.30
desligarse	2.88	12.17
deslindar	3.46	13.31
deslizar	3.19	8.36
deslizarse	3.70	6.80
deslomar	4.92	11.40
deslucir	2.27	12.50
deslumbrar	2.46	9.59
desmadejar	3.92	12.03
desmantelar	4.27	11.42
desmaquillarse	4.04	9.22
desmarcar	3.69	9.36
desmayar	2.96	7.74
desmelenar	3.16	10.98
desmelenarse	4.73	11.52
desmembrar	5.67	12.37
desmentir	1.75	10.76
desmenuzar	4.63	9.16
desmerecer	1.15	11.65
desmesurar	2.37	13.10
desmigajar	3.00	7.88
desmigar	3.62	9.09
desmitificar	2.23	14.28
desmontar	3.96	8.06
desmoralizar	1.85	12.32
desmoronar	3.64	12.42
desmotivar	1.92	10.24
desnivelar	3.19	10.80
desnucar	5.00	10.06
desnudar	4.57	4.38
desnudarse	4.81	4.34
desobedecer	2.04	5.51
desocupar	3.35	9.65
desoir	1.29	11.91
desollar	4.63	11.85
desorbitar	3.09	13.18
desordenar	3.52	5.94
desorganizar	3.32	8.06
desorientar	2.58	9.62
desovar	2.96	12.32
despabilar	2.89	10.78
despabilarse	2.65	9.93
despachar	3.31	10.28
despacharse	3.21	10.58
despachurrar	4.65	9.38
despanzurrar	3.85	12.77
desparejar	2.81	10.12
desparramar	3.27	8.60
desparramarse	3.19	8.42
despasar	2.62	12.64
despedazar	5.42	9.04
despedazarse	4.67	10.22
despedir	2.19	7.04
despedirse	2.73	5.94
despegar	2.96	6.56
despegarse	2.79	6.88
despeinar	3.30	5.94
despejar	2.85	8.55
despejarse	3.07	8.68
despellejar	5.27	10.22
despenalizar	1.81	12.32
despeñar	4.92	11.11
desperdiciar	1.87	8.62
desperdigar	3.35	10.10
desperezar	3.15	9.87
desperezarse	4.38	9.58
despersonalizarse	1.83	13.94
despertar	2.83	3.84
despertarse	3.23	4.68
despilfarrar	3.12	10.63
despiojar	3.26	7.63
despistar	2.27	7.98
despistarse	2.00	7.18
desplazar	4.86	8.12
desplazarse	5.38	7.50
desplegar	4.31	9.20
desplegarse	3.57	10.96
desplomar	4.04	10.49
desplumar	5.30	8.54
despoblar	3.73	10.96
despojar	3.58	11.94
desportillar	3.96	13.09
desposar	3.00	11.76
desposeer	2.23	12.24
desposeerse	2.04	12.48
despotricar	2.54	12.39
despreciar	1.48	9.08
despreciarse	1.54	9.57
desprender	3.62	9.26
desprenderse	2.77	9.84
desprestigiar	2.04	11.34
despuntar	3.07	10.67
desquiciar	2.46	8.88
desquitar	2.88	10.93
desquitarse	2.62	10.69
desratizar	4.19	11.98
destacar	2.21	8.50
destacarse	2.00	9.65
destapar	2.81	5.98
destaparse	3.23	6.30
destejer	3.54	9.84
destellar	2.50	10.36
destemplar	2.62	11.20
desterrar	3.63	9.90
destetar	3.00	10.60
destilar	2.88	11.43
destinar	2.20	9.63
destinarse	2.17	11.90
destituir	2.31	12.34
destornillar	3.63	8.12
destrenzar	3.62	9.65
destripar	5.63	9.29
destronar	3.69	10.10
destrozar	5.23	6.22
destrozarse	3.85	8.20
destruir	4.73	6.76
destruirse	4.38	8.68
desunir	3.08	9.87
desvalijar	5.04	12.00
desvalorizar	1.96	12.70
desvanecer	2.38	10.48
desvanecerse	3.19	10.90
desvariar	2.00	11.42
desvelar	2.54	10.06
desvelarse	1.78	9.82
desvencijar	3.85	13.00
desvestir	4.37	5.94
desviar	3.40	8.74
desviarse	3.35	8.84
desvirtuar	2.17	13.36
detallar	1.63	9.90
detectar	2.26	8.74
detectarse	2.00	9.68
detener	3.19	6.54
detenerse	1.89	6.27
deteriorar	3.35	10.70
deteriorarse	2.00	10.26
determinar	2.08	10.86
detestar	1.61	9.27
detonar	3.78	10.60
detraer	1.96	14.32
devaluar	1.62	13.14
devanar	3.38	13.56
devastar	5.50	11.91
devenir	1.91	13.94
devolver	3.10	5.38
devolverse	2.22	7.32
devorar	3.85	7.65
diagnosticar	2.77	11.42
dialogar	3.04	8.76
dibujar	3.35	3.38
dictaminar	2.27	12.04
dictar	1.92	6.84
dictarse	1.81	8.58
diezmar	2.22	13.81
difamar	2.00	12.57
diferenciar	1.61	7.56
diferenciarse	1.78	8.26
diferir	1.65	13.40
dificultar	2.69	8.84
difuminar	3.63	8.76
difundir	2.76	10.90
difundirse	2.33	11.84
digerir	3.46	8.64
dignificar	1.43	13.17
dilapidar	3.22	13.81
dilatar	3.92	11.44
dilucidar	2.00	13.91
diluir	3.04	10.12
diluviar	3.00	9.00
dimensionar	2.31	13.06
dimitir	2.23	11.31
dinamitar	4.85	11.13
dinamizar	3.46	12.33
diplomar	1.61	12.63
dirigir	3.72	8.62
dirigirse	3.19	7.80
dirimir	2.08	13.80
discernir	1.78	14.38
disciplinar	2.92	9.32
discrepar	1.81	12.98
discriminar	2.21	10.32
discriminarse	1.65	10.65
disculpar	1.52	5.92
disculparse	1.96	5.38
discurrir	1.78	12.59
discursear	2.92	11.29
discutir	3.23	5.66
discutirse	2.09	7.98
disecar	3.73	9.60
diseccionar	4.81	12.86
diseminar	3.22	13.08
disentir	1.70	13.26
diseñar	3.46	9.94
disertar	2.00	13.79
disfrazar	3.50	4.22
disfrazarse	4.73	4.78
disfrutar	2.67	6.34
disgregarse	2.77	13.83
disgustar	1.83	7.10
disimular	1.78	8.16
disipar	2.31	12.84
dislocar	4.42	11.18
disminuir	2.08	7.72
disociar	2.42	13.17
disociarse	2.46	14.30
disolver	3.19	9.70
disolverse	2.39	9.76
disparar	3.31	6.10
disparatar	2.32	9.04
dispensar	3.38	11.88
dispersar	3.81	11.16
disponer	2.04	9.90
disputar	3.58	11.20
disputarse	3.50	11.75
distanciar	2.48	8.26
distar	2.04	13.00
distender	2.33	14.15
distensionar	2.65	13.34
distinguir	1.65	6.76
distinguirse	2.23	9.37
distorsionar	2.59	11.24
distraer	2.23	6.96
distraerse	1.96	6.34
distribuir	4.00	9.90
disuadir	2.88	12.81
divagar	1.67	12.51
divergir	2.77	14.09
diversificar	2.81	12.12
divertir	3.57	4.98
divertirse	3.65	4.56
dividir	2.38	7.06
dividirse	2.56	6.74
divinizar	1.92	11.55
divisar	1.70	10.60
divisarse	1.87	11.80
divorciar	1.96	8.18
divorciarse	2.13	8.66
divulgar	2.85	11.59
doblar	2.85	5.36
doblarse	4.62	5.88
doblegar	2.26	12.94
doctorar	2.74	14.02
doctorarse	2.78	14.71
documentar	2.19	11.34
documentarse	2.31	10.50
dogmatizar	2.00	15.34
doler	2.08	4.34
domar	4.52	9.41
domeñar	3.92	11.40
domesticar	4.27	8.88
domiciliar	2.04	11.90
dominar	4.30	8.92
donar	3.19	8.98
dopar	2.77	12.86
dorar	2.96	10.62
dormir	1.61	3.26
dormirse	1.35	3.42
dormitar	1.65	9.70
dosificar	2.46	11.80
dotar	2.22	10.65
dotarse	2.31	12.08
dragar	4.58	13.56
dramatizar	3.23	10.34
drenar	3.39	13.53
driblar	4.74	12.00
drogar	3.54	10.73
drogarse	3.50	11.18
duchar	4.39	4.10
ducharse	4.77	4.38
dudar	1.22	6.66
dulcificar	2.00	10.09
duplicar	2.70	9.50
duplicarse	3.17	9.16
durar	1.69	6.46
echar	3.35	6.26
echarse	3.67	5.16
eclipsar	2.81	11.06
eclosionar	3.39	11.97
economizar	1.46	11.72
edificar	5.88	10.64
edificarse	3.04	10.10
editar	3.41	9.84
educar	2.46	7.42
educarse	1.91	6.72
edulcorar	2.41	12.41
efectuar	3.96	10.66
ejecutar	5.19	9.82
ejemplificar	1.63	10.18
ejercer	3.96	10.32
ejercitar	5.96	9.30
elaborar	3.37	7.44
electrificar	3.85	9.98
electrocutar	4.12	8.24
elegir	1.88	5.82
elevar	4.15	7.55
elevarse	3.65	8.56
eliminar	2.30	6.67
elogiar	1.69	11.22
elucubrar	1.91	15.00
eludir	2.88	12.21
emanar	2.57	12.43
emancipar	3.57	13.66
embadurnar	4.15	8.42
embalar	4.77	9.90
embaldosar	4.92	11.82
embalsamar	4.38	13.45
embalsar	4.19	11.91
embarazar	5.58	8.10
embarazarse	3.74	8.04
embarcar	2.93	7.96
embargar	3.58	12.38
embarrancar	3.17	13.37
embarrar	3.37	8.24
embaucar	2.65	11.71
embelesar	1.96	11.57
embellecer	3.12	10.18
embestir	5.23	10.39
embetunar	3.38	9.93
embijar	3.27	14.57
embobar	1.22	8.70
embocar	3.04	12.20
embolar	3.35	13.04
embolsar	2.96	11.30
emboquillar	3.15	12.75
emborrachar	3.81	9.84
emborracharse	4.21	9.36
emborronar	3.38	9.23
embotar	3.04	12.18
embotellar	4.85	9.30
embozar	3.08	11.07
embragar	3.23	14.58
embravecer	2.74	12.84
embrollar	2.96	13.79
embromar	2.11	10.95
embrujar	2.30	8.21
embrutecer	3.41	10.29
embutir	4.30	11.42
emerger	3.88	11.76
emigrar	5.26	11.30
emitir	2.22	10.04
emitirse	2.23	10.52
emocionar	1.83	7.92
emocionarse	2.00	8.08
empacar	4.92	11.14
empadronar	1.91	11.92
empalar	4.81	11.63
empalmar	3.96	11.94
empañar	2.14	8.22
empapar	2.73	7.59
empapelar	3.73	9.92
empaquetar	4.08	7.90
emparedar	4.89	10.76
emparejar	3.73	8.84
emparentar	1.96	10.54
emparrar	3.31	11.90
empastar	4.30	10.12
empatar	2.48	7.74
empedrar	4.88	11.41
empeñar	2.68	10.66
empeorar	1.65	7.75
empequeñecer	2.65	8.88
empezar	2.96	5.20
empinar	3.50	9.65
empingorotar	2.58	14.33
emplazar	2.58	12.23
emplear	3.23	9.26
emplearse	3.19	9.53
emplumar	3.41	10.32
empobrecer	1.57	9.10
empobrecerse	1.43	9.76
empollar	3.09	9.24
empolvar	3.19	10.16
empotrar	5.44	9.96
emprender	3.09	11.10
empujar	4.23	5.24
empuñar	3.81	9.40
emular	3.54	12.80
emulsionar	3.50	13.91
enajenar	2.48	14.46
enaltecer	1.91	13.69
enamorar	2.04	7.70
enamorarse	2.33	7.61
enarbolar	3.48	12.95
enarcar	3.29	12.38
enardecer	2.88	14.69
encabezar	2.52	11.06
encabritar	4.65	11.24
encadenar	3.31	8.12
encajar	2.70	8.20
encajonar	3.19	10.48
encalar	4.00	11.40
encallar	3.27	11.76
encamar	2.77	12.51
encaminar	3.63	10.51
encaminarse	3.54	10.32
encandilar	2.48	9.60
encantar	1.67	6.06
encañonar	4.35	10.67
encapsular	3.31	13.02
encapuchar	2.85	9.45
encaramar	4.78	12.18
encarar	4.04	10.00
encarcelar	3.96	9.28
encarecer	1.70	11.47
encargar	2.23	8.92
encargarse	2.35	8.20
encariñar	2.08	8.64
encarnar	2.88	11.96
encarnarse	2.04	11.60
encarrilar	4.15	11.04
encasillar	2.08	10.54
encastillarse	2.39	13.19
encausar	2.20	12.57
encauzar	3.26	12.13
encender	2.27	4.50
encenderse	2.70	6.24
encerar	4.92	10.18
encerrar	3.31	5.66
encerrarse	3.00	6.24
encestar	4.62	7.64
encharcar	2.92	8.49
enchufar	2.93	6.82
enclaustrarse	2.00	13.09
encoger	2.86	7.38
encogerse	3.03	6.30
encolar	3.41	10.79
encomendar	1.63	10.94
encontrar	1.88	4.94
encontrarse	2.58	6.26
encorsetar	3.73	13.00
encorvar	3.15	9.78
encrespar	2.33	11.69
encuadernar	3.38	10.06
encuadrar	3.04	10.96
encubrir	1.89	9.64
encumbrar	3.08	12.72
encurtir	2.70	13.21
enderezar	3.48	9.47
endilgar	2.50	13.50
endosar	2.65	12.56
endulzar	1.69	8.18
endurecer	2.88	8.63
energizar	4.37	11.61
enervar	3.00	11.69
enfadar	2.72	4.34
enfadarse	2.26	4.10
enfatizar	2.19	11.98
enfermar	1.35	5.70
enfermarse	1.54	4.80
enfervorizar	3.32	13.71
enfilar	3.54	10.45
enfocar	2.46	10.02
enfrentar	3.07	7.54
enfrentarse	3.74	8.42
enfriar	1.81	5.08
enfriarse	1.39	6.04
enfurecer	2.27	7.90
engalanar	2.96	12.00
enganchar	3.15	8.53
engancharse	3.08	8.20
engañar	1.78	5.38
engañarse	1.71	7.57
engarzar	3.38	12.69
engatillar	3.54	12.32
engatusar	2.08	10.76
engendrar	5.19	11.51
englobar	2.59	11.30
engordar	2.13	6.69
engranar	3.65	12.32
engrandecer	2.58	9.60
engrapar	2.81	10.17
engrasar	3.96	8.78
engrosar	3.12	10.88
engullir	4.69	10.10
enharinar	3.69	11.11
enhebrar	2.96	9.56
enjabonar	3.92	5.18
enjaular	3.12	7.38
enjugar	3.15	11.36
enjuiciar	1.73	12.31
enlatar	3.46	9.25
enlazar	3.08	10.28
enloquecer	3.21	8.64
enmarañar	3.70	12.56
enmarcar	3.70	8.76
enmascarar	2.58	10.18
enmendar	2.43	11.10
enmudecer	1.33	10.33
enojar	2.26	8.92
enojarse	2.43	8.72
enrarecer	2.23	11.63
enredar	3.59	7.64
enriquecer	2.33	9.34
enriquecerse	1.91	8.38
enrojecer	1.35	8.10
enrollar	3.50	6.98
enrollarse	3.38	8.96
ensalzar	2.54	11.33
ensamblar	4.07	11.98
ensanchar	3.42	10.04
ensangrentar	3.96	9.02
ensañar	3.58	10.22
ensartar	3.38	12.23
ensayar	4.62	7.39
enseñar	3.35	5.18
enseñarse	2.19	6.96
ensillar	4.19	10.09
ensimismar	1.70	11.89
ensimismarse	1.67	12.59
ensombrecer	2.58	10.48
ensordecer	2.19	11.32
ensuciar	3.50	4.94
entablar	3.56	11.54
entablillar	4.48	12.23
entender	2.09	5.42
entenderse	1.96	6.84
enterar	1.57	7.76
enterarse	1.58	6.90
enternecer	1.78	10.56
enterrar	5.41	7.00
enterrarse	4.38	6.14
entonar	2.58	10.06
entornar	3.12	12.20
entorpecer	3.54	9.18
entrampar	3.65	11.83
entrañar	1.41	11.21
entrar	3.62	4.54
entreabrir	3.58	10.08
entrecerrar	2.79	9.77
entrechocar	3.73	11.43
entrecomillar	1.69	10.44
entregar	2.85	6.64
entregarse	3.73	8.68
entrelazar	3.89	10.78
entremezclar	3.42	10.34
entrenar	6.69	7.26
entrenarse	5.52	7.22
entresacar	2.81	11.64
entretejer	3.12	12.85
entretener	2.43	6.39
entretenerse	2.35	6.66
entrever	1.96	12.74
entrevistar	2.81	8.72
entrevistarse	2.96	10.54
entristecer	1.35	7.32
entristecerse	1.30	7.24
entroncar	2.58	14.08
entronizar	2.63	12.09
entubar	3.81	12.94
enturbiar	2.81	12.76
entusiasmar	2.52	8.48
entusiasmarse	1.92	8.28
enumerar	1.96	6.63
enunciar	1.92	9.90
envainar	3.92	10.51
envasar	4.42	10.34
envejecer	2.42	7.88
envenenar	3.26	7.80
envestirse	3.57	11.72
enviar	2.58	6.26
enviarse	2.35	8.16
envidiar	1.22	8.02
envilecer	2.00	13.05
enviudar	1.33	10.20
envolver	3.27	6.96
enyesar	4.38	9.38
enzarzar	4.27	12.14
enzarzarse	4.96	12.07
epatar	2.00	11.67
equilibrar	3.15	9.44
equipar	3.27	8.92
equiparar	2.11	11.69
equipararse	2.62	11.63
equivaler	1.74	11.42
equivocar	1.50	6.28
equivocarse	1.39	6.42
erguir	3.62	9.62
erigir	3.08	12.59
erizar	2.59	9.20
erosionar	2.83	10.82
erradicar	3.20	12.35
erradicarse	3.31	12.19
errar	2.00	11.08
eructar	2.11	5.00
erupcionar	4.00	9.66
esbozar	3.48	12.87
escabechar	4.00	12.74
escabullir	4.04	9.72
escalar	6.11	6.73
escaldar	2.93	10.04
escalfar	2.77	12.25
escalonar	3.67	10.86
escamotear	3.15	13.32
escampar	2.54	10.92
escanciar	4.37	14.38
escandalizar	2.93	10.48
escandalizarse	3.12	10.20
escandir	1.92	12.27
escapar	5.77	5.82
escaparse	5.15	6.20
escaquear	2.81	9.36
escarbar	4.58	6.71
escardar	4.12	11.03
escarmentar	2.00	8.28
escasear	1.35	9.34
escatimar	1.83	12.88
escenificar	5.19	10.47
escindir	3.25	15.00
esclarecer	1.85	12.57
esclavizar	4.46	9.70
escobar	3.85	12.28
escoger	2.07	6.18
escolarizar	1.91	8.28
escoltar	4.00	11.18
esconder	3.58	4.64
esconderse	3.89	4.54
escorar	3.85	13.08
escribir	3.15	4.14
escribirse	2.65	5.76
escriturar	2.81	12.00
escrutar	2.31	13.51
escuchar	1.52	4.36
escucharse	1.85	5.98
escudar	3.33	11.49
escudriñar	3.17	12.95
esculpir	5.19	11.38
escupir	2.59	5.30
escurrir	3.04	7.10
esforzar	3.74	7.52
esforzarse	3.58	7.64
esgrimir	4.22	14.21
esmaltar	3.50	12.28
esmerilar	3.62	15.67
esnifar	3.38	12.88
espabilar	2.46	7.78
espabilarse	3.08	7.47
espaciar	2.85	11.68
espantar	4.04	7.56
españolizar	1.61	12.21
esparcir	3.67	9.96
especializar	2.38	10.78
especializarse	3.04	10.58
especificar	1.58	10.46
especificarse	1.62	10.72
especular	1.73	13.96
esperar	1.22	5.24
esperarse	1.74	5.80
espesar	2.92	9.27
espetar	3.50	13.03
espiar	2.78	7.84
espirar	2.31	9.92
espolear	3.96	11.07
espolvorear	3.27	9.32
esposar	3.88	9.08
esprintar	6.65	10.07
espumar	3.12	10.65
esquematizar	2.58	9.98
esquiar	6.09	7.68
esquilar	4.96	11.90
esquilmar	2.70	13.45
esquivar	5.38	7.32
estabilizar	2.78	10.48
estabilizarse	3.04	10.94
establecer	2.44	9.74
establecerse	3.08	11.52
estacionar	4.27	9.88
estafar	2.62	9.56
estallar	3.86	8.26
estampar	3.65	7.84
estancar	2.33	9.72
estandarizar	2.15	14.48
estar	2.39	4.42
estarse	1.96	6.81
estatalizar	2.04	13.48
estereotipar	1.54	13.43
esterilizar	2.65	11.76
estibar	4.15	14.83
estilizar	3.15	11.26
estimar	1.58	10.46
estimular	3.50	11.56
estimularse	4.38	12.72
estipular	1.73	13.22
estirar	3.69	5.94
estofar	3.33	10.29
estorbar	2.37	8.22
estornudar	3.04	4.76
estrangular	5.83	9.48
estrechar	2.62	8.06
estrellar	4.50	8.92
estrellarse	4.77	8.24
estremecer	2.67	11.02
estrenar	2.09	6.21
estrenarse	3.15	8.86
estresar	3.38	9.70
estribar	2.70	12.78
estropear	3.38	5.92
estructurar	2.81	11.42
estrujar	3.65	7.58
estudiar	2.43	6.24
estudiarse	1.96	7.06
eternizar	1.71	11.36
etiquetar	2.22	9.92
europeizar	1.52	13.68
evacuar	5.15	9.18
evadir	2.81	11.98
evadirse	1.65	12.36
evaluar	1.87	8.44
evaluarse	1.91	8.61
evangelizar	1.89	10.39
evaporar	1.96	9.06
evidenciar	2.00	12.16
evitar	2.64	7.96
evitarse	2.50	9.56
evocar	1.73	13.00
evolucionar	3.52	9.18
exacerbar	2.56	14.10
exagerar	1.92	7.16
exaltar	2.85	11.41
examinar	1.92	7.34
examinarse	2.92	7.48
exasperar	2.54	13.68
excavar	5.81	7.13
exceder	2.88	11.24
exceptuar	1.54	11.34
excitar	4.59	11.84
excitarse	3.77	11.56
exclamar	2.65	8.76
excluir	2.15	9.82
excomulgar	2.23	11.60
excretar	4.07	11.07
exculpar	1.92	12.58
excusar	1.48	8.88
execrar	2.38	13.33
exfoliar	3.85	13.71
exhalar	2.38	11.15
exhibir	3.48	10.26
exhibirse	4.19	10.40
exhortar	2.54	14.80
exhumar	4.78	14.18
exigir	2.31	8.78
exiliar	3.48	13.10
exiliarse	4.00	13.34
eximir	2.26	14.57
existir	2.79	6.38
exonerar	2.15	15.00
exorcizar	3.78	11.47
expandir	4.00	9.98
expectorar	2.93	13.87
expedir	2.69	14.20
expeler	3.20	14.00
expender	3.16	11.84
experimentar	4.13	9.98
experimentarse	3.62	10.96
expiar	3.15	10.17
expirar	2.09	11.06
explayar	3.08	11.56
explicar	2.00	6.64
explicarse	2.15	6.50
explicitar	2.12	12.64
explorar	4.38	6.60
explosionar	4.77	9.92
explotar	4.15	6.62
exponer	2.88	9.54
exponerse	3.30	10.76
exportar	3.65	12.00
expresar	2.35	8.14
expresarse	2.46	8.58
exprimir	3.44	7.16
expropiar	3.38	13.27
expulsar	2.89	7.66
expurgar	2.67	13.05
extender	3.07	8.18
extenderse	3.23	8.82
extenuar	2.57	13.38
exteriorizar	2.77	11.94
exteriorizarse	2.00	11.94
exterminar	5.46	10.59
extinguir	2.89	9.28
extinguirse	1.91	9.39
extirpar	4.65	11.33
extorsionar	3.31	12.38
extraditar	2.33	13.53
extraer	3.88	9.42
extraerse	2.96	10.80
extralimitarse	2.08	13.04
extrañar	1.26	7.06
extrapolar	1.91	14.13
extraviar	2.96	9.57
extremar	2.41	10.94
exudar	2.42	15.29
exultar	3.35	14.09
eyacular	4.58	12.22
fabricar	4.74	7.34
fabular	1.81	12.24
facilitar	2.07	8.48
facturar	2.85	10.06
facultar	2.50	13.97
faenar	5.46	11.83
fagocitar	3.57	14.56
fallar	2.38	6.44
fallecer	1.96	8.20
falsear	2.00	11.35
falsificar	2.96	9.35
faltar	1.78	5.96
familiarizar	2.04	9.60
fanfarronear	2.62	10.10
fantasear	1.43	8.26
fardar	2.15	12.84
farfullar	2.33	11.27
fascinar	1.83	9.56
fastidiar	2.04	6.22
fastidiarse	1.61	6.58
fatigar	3.57	9.20
favorecer	1.81	9.08
fechar	1.71	9.17
fecundar	5.46	10.78
felicitar	1.57	4.90
felicitarse	1.65	5.08
feminizar	1.87	12.24
fenecer	1.39	13.64
fermentar	2.48	11.82
fertilizar	4.31	11.41
festejar	5.23	8.00
fiar	1.96	8.59
fiarse	1.30	8.53
fibrilar	3.42	14.93
fichar	2.46	10.48
fidelizar	1.74	12.41
figurar	2.33	10.47
fijar	2.77	8.86
fijarse	1.30	7.52
filmar	3.96	10.58
filosofar	1.50	12.47
filtrar	2.58	10.16
filtrarse	2.39	10.40
finalizar	2.58	6.18
financiar	1.96	12.66
financiarse	1.71	12.90
fingir	1.91	8.84
firmar	2.22	7.06
firmarse	2.74	9.38
fiscalizar	1.71	14.84
fisgar	3.04	9.94
fisgonear	3.23	10.46
fisionar	3.38	14.33
flagelar	4.38	13.21
flagelarse	4.48	13.36
flamear	3.19	12.71
flanquear	3.46	12.95
flaquear	2.38	11.10
fletar	3.26	15.79
flexibilizar	2.62	10.38
flexibilizarse	3.44	11.81
flexionar	4.35	8.35
flexionarse	5.15	8.92
florear	2.88	10.30
florecer	2.57	6.62
flotar	2.74	6.36
fluctuar	3.23	13.23
fluir	3.22	9.76
focalizar	2.13	13.34
follar	6.46	11.30
fomentar	2.88	11.46
forcejear	6.04	10.08
forjar	4.27	11.63
formalizar	1.52	11.56
formalizarse	2.12	11.78
formar	2.65	6.40
formarse	2.43	8.92
formatear	3.16	12.82
formular	1.93	10.42
fornicar	6.50	12.51
forrajear	4.19	12.41
forrar	3.11	8.14
fortalecer	3.67	9.52
fortificar	4.35	10.67
forzar	5.04	9.26
fosforescer	1.92	11.56
fotocopiar	2.70	8.14
fotografiar	2.54	6.84
fotografiarse	2.42	6.30
fracasar	1.96	8.62
fraccionar	3.27	10.10
fracturar	4.54	8.54
fragmentar	4.00	10.71
fragmentarse	3.04	11.20
fraguar	4.25	13.30
franquear	3.50	13.30
frasear	2.38	11.71
frecuentar	3.62	10.56
fregar	4.63	5.62
freír	2.93	6.32
frenar	2.81	6.62
frivolizar	1.83	14.06
frotar	4.46	6.68
fructificar	2.65	13.26
fruncir	3.00	10.51
frustrar	1.83	11.30
fugarse	5.35	9.33
fulminar	4.15	11.16
fumar	2.58	6.28
fumarse	2.24	8.02
fumigar	4.73	9.88
funcionar	3.11	5.96
fundamentar	1.91	13.15
fundar	3.15	11.60
fundir	3.62	9.26
fundirse	2.65	9.82
fusilar	4.65	11.22
fusionar	2.96	11.22
fusionarse	3.57	11.36
fustigar	5.35	13.03
galantear	3.12	13.03
galardonar	2.81	12.06
galopar	5.19	8.12
galvanizar	3.50	14.91
ganar	2.74	4.64
ganarse	2.30	5.78
gandulear	2.00	9.02
garabatear	2.96	6.65
garantizar	1.58	10.46
garantizarse	1.52	12.04
garlar	2.35	13.40
garrapatear	2.92	10.28
gasear	2.96	11.00
gastar	2.00	6.66
gastarse	1.96	7.10
gatear	5.12	3.86
gemir	2.58	11.10
generalizar	1.54	10.78
generalizarse	1.70	11.31
generar	3.92	8.90
generarse	2.75	11.04
germinar	2.39	11.33
gestar	3.62	12.55
gestarse	2.65	12.77
gesticular	4.96	9.88
gestionar	2.88	12.04
gimotear	2.77	10.54
girar	3.58	4.38
glasear	3.23	11.88
glorificar	1.74	11.47
glosar	2.80	13.56
gobernar	3.42	9.10
gobernarse	2.58	9.64
golear	5.69	7.08
golpear	5.42	5.04
gorgotear	2.91	12.56
gorjear	2.92	11.90
gorronear	3.35	11.05
gotear	3.00	6.42
gozar	3.26	9.16
grabar	2.58	6.74
gradar	3.33	12.60
graduar	2.63	11.18
graduarse	3.70	11.31
granar	3.33	11.94
granizar	2.78	8.78
granular	2.85	12.10
grapar	2.38	6.94
gratificar	1.81	10.56
gravar	2.69	10.64
gravitar	3.61	12.40
graznar	3.48	10.53
gritar	2.52	4.10
gruñir	2.38	5.94
guardar	2.63	4.64
guardarse	2.58	6.24
guarecer	2.73	11.20
guarnecer	3.04	12.54
guasearse	2.50	12.63
guíar	3.79	7.96
guillotinar	4.70	12.91
guiñar	2.38	7.49
guisar	3.11	7.38
gustar	1.35	5.00
haber	1.52	5.12
haberse	1.70	6.74
habilitar	3.12	11.52
habitar	2.26	8.40
habituar	2.17	9.40
hablar	3.30	3.38
hablarse	2.21	4.76
hacer	4.50	4.54
hacerse	3.58	5.96
hacinar	3.35	14.47
hallar	3.37	9.50
hallarse	1.92	11.14
hartar	1.69	7.74
hartarse	1.78	8.34
hechizar	2.15	7.32
heder	1.70	12.78
helar	1.83	7.44
helarse	1.57	7.34
hender	3.46	14.00
heredar	1.54	9.16
herir	3.44	6.32
hermanar	2.37	10.49
herniarse	4.71	12.42
herrar	4.00	11.00
hervir	2.92	7.46
hibernar	1.39	9.80
hibridar	2.74	14.34
hidratar	3.35	9.62
hidrolizar	3.00	14.38
higienizar	4.19	8.76
hilar	3.08	10.65
hilvanar	3.35	10.38
hincar	3.50	10.29
hinchar	3.50	6.63
hincharse	3.11	7.50
hipar	2.96	8.32
hipnotizar	2.54	9.58
hipotecar	1.71	12.64
hispanizar	1.96	13.46
hojear	2.77	9.48
holgar	2.31	11.77
holgazanear	1.33	10.59
hollar	3.81	12.86
homenajear	2.38	10.76
homogeneizar	2.81	14.20
homologar	1.92	13.69
hondear	3.77	11.54
honrar	2.04	10.00
horadar	3.69	14.29
hormiguear	2.81	10.21
hornear	3.65	9.10
horrorizar	3.00	9.30
hospedar	2.63	10.52
hospitalizar	3.81	8.76
hostigar	4.12	13.47
hozar	3.92	13.79
huir	5.96	6.94
humanizar	2.08	11.54
humear	2.73	10.91
humedecer	2.50	8.18
humillar	2.50	9.52
humillarse	2.08	9.00
hundir	3.69	6.58
hundirse	2.83	6.40
hurgar	4.08	8.82
hurtar	4.48	12.22
husmear	2.88	9.58
idealizar	1.35	11.50
idear	1.61	9.94
identificar	1.39	7.94
identificarse	1.75	8.14
ideologizar	1.48	13.73
idiotizar	2.00	10.31
idolatrar	1.85	10.98
ignorar	1.25	7.74
igualar	2.14	7.12
iluminar	2.12	7.52
ilusionar	1.65	7.42
ilustrar	3.23	9.56
imaginar	1.71	4.94
imaginarse	1.43	5.66
imantar	2.48	12.94
imbuirse	2.42	11.33
imitar	3.85	6.18
imitarse	3.35	6.56
impacientar	2.00	9.86
impactar	4.85	9.28
impartir	3.27	10.90
impedir	2.96	8.60
impeler	3.74	14.57
imperar	2.85	12.11
impermeabilizar	3.12	11.10
implantar	3.21	11.76
implementar	2.81	14.45
implicar	2.85	9.48
implorar	2.30	10.87
imponer	2.81	9.66
imponerse	3.54	9.44
importar	1.70	8.48
importunar	2.31	11.44
imposibilitar	2.35	10.54
impregnar	3.42	11.18
impresionar	2.13	8.16
imprimir	2.96	9.62
imprimirse	2.17	10.20
improvisar	3.04	8.94
impugnar	2.31	13.87
impulsar	4.15	8.08
imputar	2.04	13.65
imputarse	2.25	13.28
inactivar	2.38	10.86
inaugurar	2.96	9.86
incapacitar	2.50	11.27
incautar	3.22	13.91
incendiar	3.64	6.82
incentivar	2.50	12.29
incidir	1.96	12.56
incinerar	3.29	11.10
incinerarse	2.39	10.88
incitar	2.46	12.04
inclinar	3.19	8.58
inclinarse	3.59	6.88
incluir	2.31	8.34
incluirse	2.46	9.10
incoar	2.27	13.50
incomodar	2.23	9.24
incomunicar	1.96	10.43
incordiar	2.63	8.44
incorporar	3.77	9.34
incorporarse	4.19	9.02
incrementar	3.37	11.14
incrementarse	3.58	10.94
increpar	2.62	13.26
incriminar	2.23	12.31
incrustar	4.77	10.45
incubar	2.59	10.22
inculcar	2.25	10.43
inculpar	2.23	11.67
incumplir	1.65	8.04
incurrir	2.46	13.69
incursionar	3.54	14.04
indagar	2.33	12.48
indemnizar	2.00	13.10
indemnizarse	1.54	13.44
independizar	4.08	11.24
independizarse	4.19	11.76
indicar	2.38	7.96
indicarse	2.25	8.31
indignar	1.81	11.47
individualizar	1.46	11.12
individualizarse	2.00	12.45
inducir	1.96	12.80
indultar	2.27	14.68
industrializar	3.37	11.88
infectar	2.39	8.30
infectarse	2.00	8.90
inferir	1.46	13.94
infestar	3.35	9.71
infiltrar	3.19	12.00
infiltrarse	4.35	11.86
inflamar	3.81	9.16
inflar	3.12	5.68
inflexionar	2.48	13.26
infligir	2.96	13.10
influenciar	1.96	9.66
influir	2.00	9.74
informar	1.67	8.12
informarse	1.87	8.24
informatizar	2.63	11.06
infravalorar	1.58	12.06
infringir	2.92	11.38
infundir	2.43	12.56
ingeniar	2.00	10.56
ingerir	3.81	9.44
ingresar	2.77	8.96
inhabilitar	2.27	11.76
inhalar	2.37	9.86
inhibir	1.89	13.53
inhumar	4.62	13.74
inicializar	2.58	10.55
iniciar	2.37	7.94
iniciarse	2.30	8.84
injertar	4.38	11.50
injuriar	2.00	13.86
inmigrar	5.85	10.64
inmiscuir	2.35	12.46
inmiscuirse	2.29	12.08
inmolar	3.74	13.26
inmolarse	4.77	13.63
inmortalizar	1.96	10.88
inmovilizar	4.07	9.12
inmunizar	2.38	11.38
inmutarse	1.42	10.88
innovar	2.26	11.32
inocular	2.81	14.42
inquietar	2.07	9.32
inquirir	2.38	13.17
inscribir	2.38	10.80
inscribirse	2.42	10.12
insertar	3.46	9.46
insertarse	3.38	11.96
insinuar	2.54	10.85
insistir	2.04	7.44
inspeccionar	4.35	10.68
inspirar	2.00	9.39
instalar	3.62	9.34
instalarse	3.67	9.16
instar	2.42	13.97
instaurar	2.78	12.00
instaurarse	2.96	12.28
instigar	3.00	14.81
institucionalizar	2.23	14.47
instituir	2.08	13.24
instruir	3.00	11.41
instrumentalizar	2.85	11.57
instrumentar	3.58	12.00
insuflar	3.00	12.81
insultar	2.11	6.20
integrar	2.08	10.10
integrarse	2.73	9.34
intensificar	2.54	10.76
intentar	3.13	5.26
interaccionar	3.92	11.22
intercalar	1.96	11.60
intercambiar	3.15	7.34
intercambiarse	3.31	7.42
interceder	3.15	11.95
interceptar	3.92	11.35
interesar	1.67	7.76
interesarse	1.87	7.52
interferir	3.11	11.94
interiorizar	1.26	12.60
internacionalizar	1.85	12.10
internar	2.96	9.02
internarse	2.81	8.98
interpelar	2.56	13.84
interpolar	2.27	14.13
interponer	3.04	10.88
interponerse	3.68	10.42
interpretar	3.39	8.44
interpretarse	2.35	10.31
interrogar	2.31	8.76
interrumpir	2.26	6.52
intervenir	3.42	9.02
intimar	4.12	11.32
intimidar	3.96	10.82
intoxicar	3.27	9.80
intoxicarse	2.85	9.82
intranquilizar	1.88	11.10
intrigar	1.35	10.22
introducir	3.31	7.60
introducirse	3.08	8.10
intubar	3.85	13.07
intuir	1.17	10.32
inundar	3.00	8.78
inutilizar	1.96	9.78
invadir	5.31	9.02
invalidar	2.15	11.78
inventar	2.41	5.92
inventarse	1.57	5.92
invertir	2.88	10.71
invertirse	3.33	11.71
investigar	3.19	8.88
investigarse	2.58	9.67
investir	3.48	11.97
invitar	1.59	6.02
invocar	2.52	10.24
involucrar	1.96	9.96
involucrarse	3.08	11.54
inyectar	2.78	8.32
inyectarse	3.73	10.14
ionizar	3.04	14.80
ir	5.50	4.14
ironizar	2.00	12.00
irradiar	2.04	13.67
irrigar	3.77	15.34
irritar	2.00	8.20
irritarse	2.85	8.28
irrumpir	3.50	12.18
irse	4.19	4.34
jadear	4.12	12.20
jalar	3.62	7.49
jalear	3.96	12.24
jalonar	3.31	11.85
jerarquizar	2.27	13.06
joder	5.00	7.84
joderse	2.22	8.12
jorobar	2.54	8.14
jubilar	2.00	11.48
jubilarse	2.48	10.38
jugar	5.77	3.14
jugarse	2.85	7.73
juguetear	4.41	6.10
juntar	2.82	5.06
juntarse	3.15	5.74
jurar	1.64	6.90
justar	5.66	11.19
justificar	1.62	8.58
justificarse	1.85	10.54
juzgar	1.33	11.16
kilometrar	3.54	9.84
laborear	4.38	11.82
labrar	5.62	10.55
lacar	3.48	12.54
lacerar	4.35	12.64
ladear	3.38	11.89
ladrar	2.59	3.84
lagrimear	2.58	8.98
lamentar	1.26	8.88
lamentarse	1.39	9.24
lamer	2.76	6.36
laminar	3.77	11.77
laminarse	2.70	12.10
languidecer	1.91	12.94
lanzar	4.70	5.32
lanzarse	4.41	5.90
lapidar	5.48	11.76
largar	2.90	8.20
largarse	4.50	7.54
lastimar	3.07	6.66
lastrar	3.22	13.97
latir	3.19	7.44
lavar	4.23	4.96
lavarse	4.07	4.16
laxar	2.67	14.40
lazar	3.67	11.93
leer	2.30	4.60
leerse	2.78	6.24
legalizar	2.62	11.70
legalizarse	2.17	10.76
legar	2.00	12.42
legislar	1.63	13.14
legitimar	2.23	14.25
lesionar	3.70	8.50
lesionarse	5.23	9.26
levantar	4.26	4.18
levantarse	4.46	4.14
levitar	4.12	11.62
liar	3.19	9.62
liarse	3.60	9.27
libar	3.00	13.91
liberalizar	2.77	12.00
liberar	3.62	7.22
liberarse	5.00	9.02
librar	2.59	8.78
librarse	3.08	7.38
licenciar	1.74	12.94
licenciarse	2.29	12.92
licuar	3.31	11.04
liderar	2.48	9.02
lidiar	3.08	12.16
ligar	3.50	8.92
ligarse	3.46	9.28
lijar	4.77	8.66
limar	3.31	8.28
limitar	2.46	9.78
limitarse	1.52	10.76
limpiar	4.81	5.04
limpiarse	3.81	4.30
linchar	4.67	11.68
lindar	2.26	12.38
liquidar	3.19	11.22
lisiar	4.44	11.79
litigar	2.65	15.00
llamar	2.62	4.02
llamarse	1.96	4.40
llamear	3.04	11.17
llegar	3.35	4.42
llegarse	2.91	7.98
llenar	2.33	5.59
llenarse	3.03	5.88
llevar	4.35	4.70
llevarse	2.93	5.48
llorar	2.96	3.40
lloriquear	2.64	5.44
llover	2.43	3.92
lloviznar	2.52	7.04
loar	1.92	16.13
localizar	2.46	7.40
lograr	2.70	7.37
lograrse	2.08	8.56
lubricar	3.42	12.80
luchar	5.92	6.12
lucir	2.92	9.47
lucirse	3.15	8.94
lustrar	3.50	11.85
macerar	2.96	14.23
machacar	4.52	8.28
madrugar	2.38	6.06
madurar	1.91	9.88
magnetizar	2.81	12.06
magnificar	2.17	11.50
magrear	4.65	13.80
magullar	4.00	10.41
maldecir	2.00	9.84
malentender	1.43	9.52
malgastar	3.04	8.64
maliciar	2.15	11.98
malinterpretar	1.22	10.98
malmeter	2.04	10.83
malograr	2.23	12.00
maltear	3.23	12.45
maltraer	2.65	11.34
maltratar	5.03	8.52
malvender	2.04	12.09
malversar	2.22	13.82
malvivir	2.00	11.17
mamar	3.31	6.72
manar	2.91	11.59
manchar	2.54	5.06
mancharse	2.92	4.72
mancillar	2.77	14.37
mandar	1.89	6.64
manejar	4.11	7.26
manejarse	3.00	9.12
mangar	4.15	10.06
maniatar	4.31	11.56
manifestar	3.58	10.54
manifestarse	4.62	10.18
maniobrar	5.04	11.02
manipular	4.41	9.58
manosear	4.58	8.76
manotear	3.92	9.33
mantener	2.58	7.10
mantenerse	2.33	7.36
manufacturar	4.69	13.15
maquillar	3.92	6.90
maquillarse	3.67	7.66
maquinar	2.46	10.81
maravillar	1.91	8.90
marcar	2.58	6.08
marcarse	2.19	8.56
marchar	5.04	6.18
marcharse	4.73	5.60
marchitar	2.12	7.50
marear	2.78	6.66
marearse	2.92	6.82
marginar	2.31	10.04
martillar	4.52	7.70
martillear	4.44	8.34
martirizar	2.89	11.14
masacrar	5.31	12.16
masajear	4.67	7.58
mascar	3.19	7.48
mascullar	2.70	12.16
masticar	3.33	3.84
masturbar	5.67	12.16
masturbarse	5.27	11.68
matar	5.19	5.66
matarse	4.50	6.66
matear	3.46	12.00
materializar	3.00	11.96
materializarse	1.96	11.60
matizar	2.19	12.63
matizarse	1.85	12.79
matricular	2.04	9.67
matricularse	2.69	10.08
matrimoniar	2.17	10.02
maullar	1.85	6.57
maximizar	2.77	10.73
mear	2.65	4.84
mecanizar	3.27	11.04
mecanografiar	4.12	10.64
mecer	3.96	7.91
mediar	2.56	11.46
mediatizar	2.22	13.55
medir	2.37	6.61
medirse	2.59	7.02
meditar	1.36	10.38
medrar	3.40	12.19
mejorar	2.61	6.54
mejorarse	2.04	6.52
memorizar	1.52	7.72
mencionar	1.69	8.74
mendigar	3.73	9.16
menear	4.54	7.84
menguar	2.50	11.44
menoscabar	2.08	12.96
menospreciar	2.31	10.71
mentalizar	1.57	10.80
mentalizarse	2.13	9.78
mentar	1.59	12.23
mentir	1.78	5.20
menudear	2.92	11.28
mercadear	3.73	12.59
mercantilizar	2.83	13.49
merecer	1.48	7.20
merendar	3.62	4.48
mermar	2.23	12.69
merodear	4.31	11.27
metabolizar	2.48	14.17
metaforizar	1.81	13.91
meter	3.35	4.02
meterse	4.04	5.36
mezclar	3.38	6.08
mezclarse	2.71	6.70
militarizar	3.27	12.04
mimar	3.38	5.78
minar	3.62	12.02
mineralizar	2.13	11.96
miniaturizar	3.46	11.83
minimizar	1.88	10.10
minusvalorar	1.42	12.49
mirar	1.91	3.82
mirarse	1.74	4.28
mistificar	2.19	14.17
mitificar	1.57	13.48
mitigar	2.96	12.73
modelar	4.15	10.14
modelizar	2.54	11.35
moderar	2.25	10.88
moderarse	2.31	10.04
modernizar	3.04	9.64
modernizarse	2.83	9.76
modificar	2.69	8.60
modificarse	3.00	10.06
modular	2.35	12.20
mofar	2.50	11.70
mojar	3.30	4.50
mojarse	2.57	4.00
molar	1.61	9.96
moldear	4.21	8.66
moler	4.12	7.84
molestar	2.83	4.88
molestarse	2.48	6.26
momificar	4.22	10.27
mondar	3.50	12.07
monopolizar	1.52	13.32
montar	4.31	5.72
montarse	4.12	5.42
moquear	2.13	6.21
moralizar	1.57	12.94
morar	2.70	13.03
morder	3.19	3.64
morderse	2.85	4.60
mordisquear	3.38	5.76
morir	1.52	6.18
morirse	2.17	6.14
mortificar	3.88	9.24
mosquear	2.35	8.72
mosquearse	1.89	7.80
mostrar	2.65	6.58
mostrarse	2.58	7.98
motejar	1.96	12.17
motivar	2.27	11.00
motivarse	2.46	9.36
motorizarse	4.08	11.61
mover	5.04	4.36
moverse	5.93	4.98
movilizar	5.30	10.44
movilizarse	5.00	10.32
mudar	4.15	6.94
mugir	3.15	9.33
mullir	3.69	10.69
multar	2.26	8.50
multiplicar	2.03	6.84
municipalizar	1.65	13.12
murmurar	1.81	8.18
musitar	2.19	13.84
mutar	3.61	10.84
mutilar	5.42	11.09
nacer	4.04	4.60
nacionalizar	1.50	11.60
nadar	6.41	4.40
narcotizar	6.57	14.00
narrar	2.21	7.66
naturalizar	2.35	10.94
naufragar	4.09	8.66
navegar	4.19	7.78
necesitar	1.61	6.34
negar	1.78	5.42
negarse	1.88	7.10
negociar	2.69	9.74
neutralizar	2.52	11.80
nevar	2.17	5.08
nivelar	3.26	10.70
nombrar	1.57	5.30
nombrarse	1.75	5.88
nominar	1.96	11.47
noquear	5.31	12.30
normalizar	2.04	11.00
normalizarse	2.11	10.80
notar	1.65	6.48
notarse	2.50	8.66
notificar	2.19	11.46
novelar	2.58	11.25
nublar	1.63	6.32
numerar	1.77	6.02
nutrir	2.58	8.56
obedecer	2.04	5.20
objetar	2.15	12.15
objetivar	1.74	12.80
obligar	2.44	6.36
obnubilar	1.83	15.32
obrar	4.77	9.94
obsequiar	2.70	10.20
observar	1.35	6.58
obsesionar	1.65	11.12
obstaculizar	4.26	9.02
obstruir	3.42	11.02
obtener	2.09	7.10
obtenerse	2.31	9.60
obturar	3.69	13.54
obviar	1.48	11.76
ocasionar	2.63	8.98
ocasionarse	2.11	11.71
ocultar	1.91	7.28
ocultarse	2.81	6.42
ocupar	2.38	7.14
ocuparse	2.17	7.40
ocurrir	2.04	6.78
odiar	1.39	6.12
ofender	2.32	9.06
ofertar	2.35	10.10
oficializar	1.73	12.51
oficiar	3.00	12.24
ofrecer	2.11	7.18
ofrecerse	1.85	7.72
oír	1.65	3.72
oler	1.65	4.48
olfatear	2.07	7.18
olismear	2.31	10.70
olisquear	2.12	7.78
olvidar	1.17	5.30
olvidarse	1.17	5.54
omitir	1.38	10.98
ondear	3.46	10.13
ondular	3.31	9.92
operar	4.37	8.50
operarse	2.74	8.28
opinar	1.85	7.29
oponer	2.65	10.44
oponerse	2.81	9.60
opositar	2.41	13.26
oprimir	4.35	11.27
optar	2.08	10.58
optimizar	2.17	13.18
orar	2.31	7.62
orbitar	4.22	11.79
ordenar	4.07	5.34
ordeñar	4.31	7.00
orear	3.23	12.18
organizar	2.96	8.50
organizarse	2.63	8.50
orientar	2.65	9.48
orientarse	3.08	9.54
originar	2.73	9.56
orinar	2.62	4.54
orquestar	4.50	11.56
osar	1.73	12.07
oscilar	3.41	12.91
oscurecer	1.57	6.52
oscurecerse	1.57	5.92
ostentar	2.31	14.17
otear	2.70	13.07
otorgar	1.96	11.04
ovular	2.17	11.28
oxidar	2.50	10.36
oxigenar	2.35	11.08
pacificar	2.27	9.92
pactar	2.08	9.50
padecer	2.13	10.04
pagar	2.54	6.31
pagarse	2.87	7.72
paladear	3.50	11.48
palear	4.88	9.47
paliar	2.96	12.80
palidecer	1.57	10.58
palmear	4.63	9.42
palmotear	4.56	10.79
palpar	4.63	9.64
palpitar	3.67	9.54
panificar	3.83	11.29
papear	4.04	9.65
paralizar	1.69	9.02
parar	1.74	5.20
pararse	1.73	3.96
parcelar	4.38	12.56
parchear	3.88	10.98
parear	2.96	11.56
parecer	1.58	6.44
parecerse	1.22	5.66
parir	5.42	8.58
parlamentar	2.38	14.11
parlotear	2.73	7.88
parodiar	3.58	12.00
parpadear	2.04	6.80
parrafear	2.50	12.44
participar	2.70	6.54
partir	4.00	5.90
partirse	3.41	6.70
pasar	3.32	5.48
pasarse	2.96	6.56
pasear	4.92	4.88
pasearse	4.79	5.86
pasmar	2.08	10.64
pastar	3.31	8.46
pasteurizar	2.52	13.60
pastorear	5.42	8.85
patalear	5.08	4.66
patear	5.27	7.52
patentar	1.83	12.63
patentizar	2.69	13.47
patinar	5.73	5.20
patrocinar	2.58	11.22
patrullar	4.85	8.98
pausar	1.85	7.72
pautar	2.19	11.41
pavimentar	5.54	11.31
pavonear	3.23	12.32
pecar	2.09	7.74
pechar	2.73	14.35
pedalear	4.65	5.00
pedir	2.00	4.34
pegar	4.91	4.64
pegarse	3.32	4.52
peinar	3.44	4.18
peinarse	3.41	4.50
pelar	3.45	5.94
pelear	6.50	5.36
pelearse	5.70	5.02
peligrar	2.04	7.14
pellizcar	2.54	5.92
pelotear	3.89	8.83
penalizar	2.31	9.20
penar	2.50	10.54
pender	2.26	12.17
pendonear	4.04	13.38
penetrar	4.79	11.66
pensar	1.35	5.22
pensarse	1.26	7.60
percatar	2.18	12.20
percibir	2.09	9.66
percibirse	1.70	10.29
percutir	4.40	11.98
perder	1.96	4.86
perderse	3.27	4.84
perdonar	1.48	5.56
perdurar	2.30	11.88
perecer	1.83	11.86
peregrinar	6.19	11.30
perfeccionar	3.19	9.46
perfeccionarse	3.19	9.80
perfilar	2.92	10.36
perforar	5.13	9.44
perfumar	2.34	7.47
perfundir	2.56	15.47
pergeñar	3.23	14.00
perjudicar	2.63	8.94
perjurar	1.67	11.74
permanecer	1.65	8.60
permeabilizar	3.19	11.71
permitir	1.83	7.61
permitirse	1.61	8.26
permutar	2.73	13.97
pernoctar	2.65	15.43
perorar	2.42	14.00
perpetrar	3.92	13.79
perpetuar	2.08	11.88
perpetuarse	2.00	12.61
perseguir	5.27	6.54
perseverar	2.42	12.04
persistir	2.85	10.86
personalizar	2.11	11.02
personarse	3.88	11.69
personificar	3.23	12.20
persuadir	2.46	12.40
pertenecer	1.48	7.22
pertrechar	3.56	14.06
perturbar	2.62	11.24
pervertir	3.12	11.58
pervivir	2.21	12.74
pesar	1.96	6.41
pesarse	2.58	6.68
pescar	4.45	5.20
pesquisar	2.31	13.73
pestañear	2.12	6.26
petar	3.60	12.33
petrificar	2.42	11.67
piafar	4.67	10.81
piar	2.04	6.96
picar	4.14	6.22
picotear	3.08	7.14
pillar	3.67	5.50
pillarse	2.42	8.27
pilotar	4.62	7.24
pincelar	3.50	10.25
pinchar	2.52	5.40
pincharse	4.19	4.72
pintar	4.04	3.22
pintarse	3.58	5.26
piratear	3.00	10.94
piropear	2.31	8.61
pisar	3.70	4.52
pisarse	2.56	5.18
pisotear	4.15	6.70
pitar	2.62	5.48
pivotar	4.19	12.41
placar	4.58	10.74
placer	2.48	9.80
plagar	3.54	11.04
plagiar	2.21	12.16
planchar	4.38	6.28
planear	2.12	8.62
planificar	2.42	9.02
plantar	4.39	4.86
plantarse	2.08	9.24
plantear	1.92	10.18
plantearse	1.30	9.98
plasmar	2.62	11.35
platear	3.15	12.21
platicar	3.00	12.19
plegar	3.54	10.12
pleitear	3.35	13.65
plisar	3.38	12.52
plumear	3.00	11.95
poblar	3.92	9.40
podar	5.93	8.80
poder	2.43	5.38
poderse	1.79	7.89
poetizar	2.04	10.48
polarizar	2.35	13.89
polemizar	1.88	12.65
policromar	3.71	14.42
politizar	1.57	13.05
ponderar	1.88	14.40
poner	2.70	4.48
ponerse	3.38	4.72
pontificar	2.73	13.20
popularizar	2.40	10.92
pordiosear	2.58	11.32
porfiar	2.85	11.23
pormenorizar	1.77	14.21
porrear	4.33	10.32
portar	4.23	10.47
portarse	1.96	4.32
posar	2.27	7.49
poseer	1.26	7.22
posesionar	2.17	11.04
posibilitar	2.19	11.54
posicionar	2.69	10.22
positivar	2.35	10.55
positivarse	1.78	12.29
posponer	2.00	10.62
postergar	1.78	13.77
postrar	2.69	12.98
postular	2.23	13.22
postularse	2.08	13.19
potenciar	2.80	11.82
potenciarse	2.69	12.38
practicar	3.52	6.76
preceder	2.19	12.22
preciar	1.52	10.81
precintar	4.38	11.43
precipitar	3.65	9.78
precipitarse	3.29	10.20
precisar	2.23	10.88
preconcebir	1.87	12.59
preconizar	1.74	13.53
predecir	1.42	10.66
predestinar	1.73	11.24
predeterminar	1.81	12.44
predicar	2.96	10.00
predisponer	2.12	12.80
predominar	2.00	10.69
preferir	1.61	5.86
prefigurar	1.88	13.00
prefijar	2.00	11.45
pregonar	2.96	10.78
preguntar	1.74	4.40
preguntarse	1.46	6.12
prejuzgar	1.35	12.84
premeditar	1.48	11.71
premiar	1.96	5.94
prender	3.23	9.35
prensar	4.15	10.52
preñar	4.96	9.04
preocupar	1.70	7.24
preocuparse	1.65	7.50
preparar	2.74	6.71
prepararse	3.96	5.82
presagiar	1.52	12.59
prescindir	1.54	11.36
prescribir	1.88	12.39
presenciar	1.83	10.04
presentar	2.27	7.30
presentarse	1.96	6.18
presentir	1.43	10.46
preservar	2.30	11.86
preservarse	2.09	11.84
presidir	3.08	11.00
presionar	3.31	8.38
prestar	2.13	4.90
prestarse	2.43	6.88
prestigiar	2.23	12.40
presumir	2.04	7.08
presuponer	1.35	11.42
presupuestar	2.52	13.58
pretender	1.92	9.68
pretextar	1.92	13.34
prevalecer	1.92	13.06
prevaricar	2.38	14.42
prevenir	2.46	9.20
prevenirse	2.58	10.35
prever	1.91	11.12
primar	2.12	12.57
principiar	2.26	12.03
pringar	2.57	8.18
pringarse	3.43	7.40
priorizar	1.74	11.92
privar	2.54	11.76
privatizar	1.35	12.96
privilegiar	1.78	11.06
probar	2.77	5.42
probarse	3.50	6.58
proceder	2.46	9.90
procesar	2.29	10.38
proclamar	2.65	10.12
proclamarse	2.19	10.24
procrear	6.12	11.26
procurar	1.83	9.96
procurarse	1.61	10.67
prodigar	2.38	12.88
prodigarse	2.58	12.87
producir	4.08	8.76
producirse	3.42	8.84
profanar	4.52	12.53
proferir	2.50	14.33
profesar	2.73	12.10
profesionalizar	2.29	12.48
profesionalizarse	2.50	11.96
profetizar	2.58	12.77
profundizar	3.22	10.58
programar	2.35	9.42
progresar	3.27	9.02
prohibir	1.88	5.98
proliferar	2.74	13.36
prolongar	2.50	9.71
prolongarse	2.00	10.10
promediar	1.77	12.76
prometer	1.41	5.92
prometerse	1.70	9.26
promocionar	2.50	11.36
promocionarse	2.96	12.18
promover	3.04	11.82
promulgar	2.69	11.63
promulgarse	2.69	12.16
pronosticar	1.79	11.26
pronunciar	2.38	6.76
pronunciarse	2.27	10.52
propagar	2.93	11.48
propasar	2.81	11.40
propiciar	2.42	12.34
propinar	4.19	10.85
proponer	2.04	9.36
proporcionar	3.08	9.71
propugnar	2.19	13.95
propulsar	4.88	10.57
prorrogar	2.04	11.70
prorrumpir	3.31	14.13
proscribir	2.00	13.46
proseguir	3.00	10.61
prospectar	2.52	14.59
prosperar	3.19	10.12
prostituir	5.46	11.26
protagonizar	2.52	8.00
proteger	4.35	6.74
protegerse	3.73	6.72
protestar	2.31	6.58
proveer	2.62	11.84
provenir	1.71	11.07
provocar	2.07	7.74
provocarse	2.69	8.96
proyectar	3.59	9.94
proyectarse	2.46	11.26
psicoanalizar	1.48	15.16
publicar	2.52	9.44
publicarse	1.87	9.40
pudrir	1.74	7.14
puentear	3.22	12.24
pugnar	3.23	13.26
pujar	2.81	12.38
pulir	5.15	9.80
pulirse	4.08	10.94
pulsar	2.15	4.72
pulular	4.19	11.85
pulverizar	3.81	9.88
puntear	3.15	9.72
puntualizar	1.96	10.66
puntuar	2.07	8.26
punzar	3.19	7.47
purgar	3.54	12.95
purificar	2.69	10.54
putear	3.04	10.61
quebrantar	3.31	12.23
quebrar	4.12	10.50
quedar	2.81	6.44
quedarse	1.87	5.02
quejar	1.52	5.18
quejarse	2.25	5.44
quemar	3.35	4.98
quemarse	3.04	5.70
querellarse	2.26	14.23
querer	1.48	4.18
quererse	1.79	4.96
quitar	3.23	4.62
quitarse	3.04	5.68
rabiar	2.69	6.57
racionalizar	1.61	12.12
racionar	2.81	11.18
radiar	2.92	12.73
radicar	2.92	12.11
radiodifundir	2.54	12.87
radiografiar	3.00	9.96
raer	4.12	12.30
rajar	3.08	8.08
ralentizar	2.38	11.02
rallar	3.15	6.57
rapar	2.59	7.00
rapiñar	4.32	11.86
raptar	5.35	9.26
rascar	3.11	4.90
rasear	3.38	12.86
rasgar	4.35	9.19
rasgarse	3.65	10.00
rasguñar	3.14	7.34
raspar	3.48	7.56
rastrear	4.54	9.30
rastrillar	5.15	9.86
rasurar	3.81	12.88
ratificar	2.19	13.40
rayar	3.12	5.86
razonar	1.63	9.28
reabrir	3.77	9.63
reabrirse	3.32	10.53
reabsorber	2.58	10.78
reaccionar	3.00	8.10
reactivar	3.89	10.60
reactualizar	2.22	11.26
reactualizarse	1.96	12.80
readaptar	3.00	12.59
readaptarse	2.67	12.06
readmitir	1.88	11.28
reafirmar	2.00	11.22
reafirmarse	1.96	12.96
reagrupar	3.73	10.20
reajustar	3.08	10.76
realizar	3.92	6.46
realizarse	3.50	10.66
realojarse	3.81	11.26
realzar	2.77	10.65
reanimar	5.13	9.00
reanudar	3.00	10.22
reanudarse	3.04	10.44
reaparecer	3.73	9.22
rearmar	4.92	10.64
reavivar	3.88	10.56
rebajar	2.30	8.96
rebanar	4.04	10.09
rebañar	3.25	8.80
rebasar	4.04	11.18
rebatir	2.00	12.45
rebelar	3.31	9.36
rebelarse	4.00	9.66
reblandecer	3.35	10.02
rebobinar	2.70	7.86
rebosar	2.77	9.16
rebotar	3.96	6.16
rebullir	3.63	12.93
rebuscar	3.48	8.10
rebuznar	1.85	7.80
recabar	2.27	12.11
recaer	2.77	10.64
recalar	2.74	12.16
recalcar	2.15	9.33
recalcular	1.92	10.39
recalentar	3.00	8.72
recalificar	2.11	12.13
recambiar	3.65	9.50
recapacitar	1.30	9.62
recapitular	1.73	11.30
recargar	2.81	9.44
recaudar	3.27	9.84
recelar	1.78	12.07
recepcionar	2.73	11.47
recetar	2.62	8.86
rechazar	1.92	7.16
rechinar	2.88	9.94
rechistar	2.11	7.80
recibir	2.08	6.44
reciclar	3.85	8.90
reciclarse	2.65	9.76
reciprocar	1.85	13.58
recitar	2.19	8.32
reclamar	2.27	9.74
reclinar	3.46	12.32
recluir	3.85	11.19
recluirse	2.80	11.35
reclutar	3.23	10.76
recobrar	2.84	11.02
recoger	3.93	4.70
recogerse	2.71	7.22
recolectar	5.04	8.14
recolocar	4.58	8.60
recomendar	1.81	9.42
recomenzar	2.50	9.30
recompensar	2.17	8.24
recomponer	3.35	10.36
reconcentrar	2.37	12.48
reconciliar	2.04	8.82
reconciliarse	2.17	8.60
reconducir	3.08	11.51
reconfortar	2.62	11.69
reconocer	1.48	6.56
reconocerse	1.57	7.24
reconquistar	4.67	9.84
reconsiderar	2.09	12.14
reconstituir	3.44	10.46
reconstruir	4.81	9.06
recontar	2.14	8.45
reconvenir	2.35	13.47
reconvertir	2.77	10.86
recopilar	2.59	10.86
recordar	1.35	5.66
recorrer	5.08	7.70
recorrerse	4.81	9.50
recortar	2.67	4.86
recostar	3.33	9.63
recrear	3.27	12.34
recriar	3.42	12.60
recriminar	1.88	11.00
recrudecer	1.83	13.33
rectificar	1.92	9.30
recuadrar	2.46	10.40
recubrir	3.38	8.67
recular	3.04	11.97
recuperar	2.67	8.29
recuperarse	1.87	7.68
recurar	3.08	11.00
recurrir	2.50	11.52
recurrirse	1.79	12.55
recusar	2.15	14.24
redactar	3.46	9.16
redefinir	1.70	11.68
redescubrir	4.46	10.76
redimensionar	2.50	14.33
redimir	2.54	14.58
redistribuir	4.19	11.36
redoblar	3.54	9.92
redondear	2.52	6.26
reducir	2.73	9.76
reducirse	2.25	9.24
redundar	1.96	12.61
reduplicar	2.81	12.04
reedificar	5.42	11.40
reeditar	2.31	12.56
reeducar	2.92	10.50
reelaborar	3.65	11.28
reelegir	2.54	10.08
reembolsar	2.44	12.98
reemplazar	3.20	9.92
reemprender	2.77	12.02
reencarnar	2.52	9.84
reencontrar	3.15	8.98
reencontrarse	3.29	8.94
reenfrentarse	3.62	12.50
reenviar	2.35	11.04
reequilibrar	2.88	11.36
reescribir	3.46	9.82
reestrenar	2.54	11.00
reestructurar	3.31	11.64
reexaminar	3.38	11.46
refaccionar	3.38	11.90
referir	1.85	9.92
referirse	1.58	9.44
refinar	3.07	12.09
reflejar	2.35	9.38
reflejarse	1.48	7.60
reflexionar	1.67	8.76
reflotar	3.27	10.74
refluir	2.67	13.24
reformar	4.96	9.76
reformarse	2.63	10.73
reformular	1.73	12.04
reforzar	3.31	9.76
reforzarse	3.04	10.56
refractar	2.42	13.71
refrenar	3.15	12.36
refrendar	1.74	13.84
refrescar	2.15	6.84
refrigerar	2.70	9.12
refrigerarse	2.70	10.14
refrotar	4.04	11.12
refugiar	3.88	8.90
refugiarse	3.29	8.28
refulgir	2.65	13.65
refundar	2.62	12.87
refundir	3.23	13.64
refunfuñar	1.96	7.98
refutar	2.19	13.34
regalar	2.48	4.32
regalarse	2.12	6.32
regañar	2.00	5.16
regar	3.88	5.73
regarse	2.96	8.19
regatear	2.92	10.20
regenerar	3.33	10.33
regenerarse	3.15	11.56
regentar	2.89	13.73
regir	3.00	12.38
registrar	2.38	9.16
reglamentar	2.15	11.17
reglar	2.17	10.93
regocijar	2.62	12.15
regresar	3.66	7.12
regular	2.11	8.46
regularizar	1.81	11.58
rehabilitar	4.19	10.56
rehabilitarse	3.50	11.28
rehacer	3.73	8.74
rehilar	3.65	12.30
rehogar	3.42	12.47
rehuir	3.35	10.84
rehusar	2.46	11.04
reimprimir	2.58	11.42
reinar	1.87	7.54
reincidir	3.12	12.64
reincorporar	2.96	11.76
reincorporarse	3.68	10.58
reingresar	3.04	11.14
reiniciar	2.08	9.52
reinsertar	3.15	12.60
reinsertarse	3.15	12.68
reinstalar	3.23	10.94
reinstaurar	3.04	12.04
reintegrar	2.69	11.49
reintegrarse	2.92	11.71
reintroducir	3.77	11.65
reinventar	2.74	9.38
reinvestigar	2.70	12.04
reir	4.31	3.64
reírse	4.04	4.20
reiterar	2.19	11.46
reivindicar	2.77	11.82
rejonear	4.78	14.29
rejuvenecer	1.83	10.18
relacionar	2.21	6.60
relacionarse	2.78	6.78
relajar	1.52	7.51
relajarse	1.42	6.94
relamer	2.33	7.41
relampaguear	2.87	10.50
relanzar	3.58	10.12
relanzarse	3.67	11.74
relatar	2.23	8.88
relativizar	1.70	13.61
releer	2.00	8.26
relegar	1.96	13.80
relevar	3.31	9.85
relinchar	2.65	8.38
rellenar	2.93	6.76
relucir	1.96	9.73
relumbrar	1.70	11.71
remachar	4.15	12.98
remansar	2.27	12.25
remar	5.56	6.60
remarcar	2.50	9.18
rematar	3.88	10.46
remedar	2.85	9.24
remediar	2.38	9.52
rememorar	1.91	12.39
remendar	4.27	9.27
remeter	3.59	12.84
remirar	2.12	10.34
remitir	2.19	11.50
remitirse	2.27	12.02
remojar	2.82	7.86
remolcar	4.58	10.32
remolinear	3.83	12.21
remontar	3.92	9.96
remontarse	3.65	10.35
remover	3.57	7.28
remozar	3.38	11.80
remunerar	2.42	13.61
renacer	2.04	9.78
rendir	3.04	8.82
rendirse	1.71	6.40
renegar	1.78	11.58
renombrar	1.70	10.20
renovar	2.52	9.72
renovarse	3.42	9.86
renquear	3.35	13.70
rentabilizar	1.70	12.82
rentar	1.96	12.55
renunciar	1.77	9.70
reñir	3.15	6.34
reordenar	4.44	8.94
reorganizar	3.46	10.50
reparar	4.15	7.64
repartir	3.89	6.10
repartirse	3.35	6.56
repasar	1.85	6.98
repatriar	2.52	13.47
repeinar	3.23	8.78
repeler	2.96	10.86
repensarse	1.58	12.12
repercutir	1.85	11.02
repescar	2.89	10.78
repetir	2.92	4.80
repetirse	1.81	7.33
repicar	3.77	11.91
repintar	3.77	8.35
replantear	1.75	11.76
replegar	3.42	11.58
replicar	2.85	9.64
repoblar	4.96	11.31
reponer	4.37	9.42
reponerse	4.04	10.44
reportar	2.67	12.77
reposar	1.39	7.94
repostar	3.77	10.92
reprender	2.58	9.06
represaliar	2.69	12.43
representar	3.42	7.98
reprimir	1.52	10.04
reprivatizar	1.57	14.68
reprobar	2.00	11.21
reprochar	2.00	10.54
reproducir	3.62	8.82
reproducirse	5.58	9.82
reptar	4.73	8.89
repudiar	1.83	12.36
repugnar	1.61	10.48
repujar	3.54	12.95
requerir	1.92	10.76
requisar	3.46	10.89
resaltar	2.46	9.96
resarcir	2.41	13.08
resarcirse	2.69	14.10
resbalar	4.00	5.74
rescatar	4.52	7.48
rescatarse	3.62	8.34
rescindir	1.57	13.59
resentir	1.43	10.68
reseñar	1.69	12.51
reservar	1.93	7.96
reservarse	1.63	10.06
resfriar	2.00	6.62
resguardar	3.07	9.80
resguardarse	3.23	9.24
residir	2.30	11.42
resignar	1.92	10.53
resignarse	1.39	11.32
resistir	3.42	9.36
resistirse	3.77	8.70
resituar	3.92	11.77
resollar	2.40	11.38
resolver	2.35	7.02
resolverse	1.91	8.26
resonar	2.38	11.19
resoplar	2.69	7.94
respaldar	2.38	9.12
respaldarse	2.36	10.16
respetar	1.30	5.44
respetarse	1.42	6.18
respirar	2.88	4.44
resplandecer	2.00	10.49
responder	2.27	4.84
responsabilizar	1.93	9.56
responsabilizarse	1.78	8.72
resquebrajar	4.38	12.23
resquebrajarse	3.61	11.87
restablecer	3.12	11.54
restallar	3.81	13.62
restañar	3.15	11.30
restar	1.35	5.18
restaurar	3.96	10.02
restituir	2.46	12.58
restregar	3.85	8.69
restringir	2.00	10.08
resucitar	2.83	8.04
resultar	1.52	8.68
resumir	2.00	8.08
resurgir	2.81	10.38
retar	2.73	8.96
retardar	2.23	10.33
retarse	2.04	8.38
retejar	4.71	12.63
retener	4.04	9.20
retenerse	2.08	11.12
retirar	3.12	8.02
retirarse	2.96	8.74
retocar	3.15	9.12
retomar	2.38	10.62
retorcer	4.81	8.80
retornar	3.08	11.24
retozar	5.04	11.97
retranquear	2.74	15.07
retransmitir	2.78	10.06
retrasar	2.12	7.44
retrasarse	2.11	8.52
retratar	3.65	9.57
retratarse	2.21	10.06
retribuir	2.69	13.38
retroceder	3.19	7.79
retrucar	2.65	12.52
retumbar	3.19	10.00
reunir	2.66	7.35
reunirse	2.96	8.24
revacunar	3.00	9.73
revalidar	2.07	13.58
revalorizar	1.74	12.46
revelar	2.69	8.74
revelarse	3.96	9.24
revender	3.31	10.62
reventar	3.75	8.06
reverdecer	2.00	11.47
reverenciar	4.00	10.88
revertir	2.19	12.64
revestir	4.00	11.67
revisar	2.26	7.76
revisarse	2.42	8.61
revitalizar	2.96	12.12
revivir	3.04	8.51
revocar	2.52	13.81
revolcar	3.67	7.52
revolotear	4.79	7.67
revolucionar	4.04	10.39
revolver	3.26	7.08
revolverse	3.93	7.70
rezar	1.87	6.06
rezumar	2.75	12.94
ribetear	3.30	13.75
ridiculizar	1.88	9.06
rifar	1.85	8.46
rimar	1.70	7.82
rivalizar	2.92	10.14
robar	5.46	5.90
robarse	3.46	6.54
robustecer	3.56	13.06
rociar	3.77	9.52
rodar	4.48	5.50
rodear	3.92	4.86
roer	3.11	8.41
rogar	2.21	8.42
rojear	2.11	12.48
rolar	3.58	12.36
romper	4.19	4.66
romperse	3.04	4.86
roncar	1.96	6.28
rondar	4.15	9.56
ronronear	3.00	8.76
rotar	3.85	8.18
rotular	3.12	9.64
roturar	4.04	10.59
rozar	2.11	7.86
rubricar	2.96	13.56
rugir	2.11	6.56
rumbear	5.27	11.71
rumiar	2.85	9.16
rumorear	2.38	9.52
saber	1.43	5.30
saberse	1.22	6.66
saborear	2.07	6.10
sabotear	3.15	10.90
sacar	3.22	4.82
sacarse	3.15	5.88
saciar	1.96	9.64
sacralizar	1.81	14.63
sacrificar	3.70	9.04
sacrificarse	2.52	8.64
sacudir	4.41	6.72
sacudirse	4.69	6.61
salar	2.81	10.15
saldar	2.40	11.86
salir	4.50	4.47
salirse	3.04	6.16
salivar	2.22	8.10
salmodiar	2.35	13.50
salpicar	3.33	6.08
salpimentar	2.88	12.05
saltar	5.65	4.26
saltarse	4.04	6.44
saludar	2.70	4.20
salvaguardar	2.96	11.80
salvar	5.00	5.94
salvarse	3.48	7.82
sanar	3.10	6.52
sancionar	2.46	9.52
sancochar	2.85	11.34
sanear	2.67	11.02
sangrar	2.13	4.36
santificar	2.38	9.96
santiguar	2.58	9.08
saquear	6.08	10.61
satanizar	2.30	12.68
satisfacer	2.22	9.96
satisfacerse	2.62	10.08
saturar	2.92	11.39
sazonar	2.77	12.41
secar	2.30	5.28
secarse	4.08	4.06
seccionar	4.23	11.79
secretar	2.35	12.50
secuenciar	2.38	10.96
secuestrar	4.89	7.80
secundar	2.04	12.95
sedar	3.08	11.44
sedimentar	2.30	12.27
seducir	3.62	11.58
segar	5.73	10.93
segmentar	3.23	11.31
segregar	2.38	12.69
seguir	3.37	4.96
seguirse	3.23	6.49
seleccionar	2.04	7.42
sellar	3.15	9.26
sembrar	5.54	6.74
semejar	1.63	11.13
sensibilizar	1.30	9.64
sentar	3.32	4.29
sentarse	3.46	3.38
sentenciar	1.92	11.26
sentir	1.83	5.50
sentirse	1.43	7.40
señalar	2.31	4.86
señalarse	2.46	5.66
señalizar	3.12	7.63
señorear	2.19	12.38
separar	3.00	5.86
separarse	3.46	5.98
sepultar	5.27	11.35
ser	2.39	4.34
serenar	2.23	10.00
sermonear	2.54	9.18
serpentear	4.44	10.60
serrar	5.19	9.77
serruchar	5.23	10.17
servir	4.73	5.52
servirse	3.14	6.74
sesear	2.48	11.32
sesgar	3.17	16.23
sestear	1.54	12.81
significar	1.52	6.82
silabear	2.15	10.08
silbar	2.22	5.46
silenciar	1.85	6.92
simbolizar	1.96	10.94
simpatizar	2.22	9.84
simplificar	1.78	10.06
simplificarse	1.65	10.57
simular	3.15	10.08
simultanear	2.42	12.51
sincerar	1.64	8.53
sincronizar	3.00	10.90
sindicar	2.19	15.00
sintetizar	2.15	12.49
sintonizar	2.27	10.04
sisar	3.92	14.78
sisear	2.15	12.44
sistematizar	1.83	13.08
sitiar	4.15	12.88
situar	2.28	7.65
situarse	2.65	8.32
sobar	3.83	9.16
sobornar	2.33	10.33
sobrar	1.78	6.66
sobrecargar	4.42	9.68
sobrecoger	2.31	11.63
sobreentender	1.26	10.80
sobreexplotar	4.17	12.02
sobrellevar	1.96	10.54
sobrepasar	2.96	10.08
sobreponer	2.88	10.82
sobresalir	2.69	9.36
sobresaltar	4.93	9.44
sobreseer	1.78	14.18
sobrevalorar	1.42	11.86
sobrevenir	2.22	12.11
sobrevivir	4.39	8.48
sobrevolar	4.62	9.82
socarrar	3.00	11.85
socavar	3.69	13.36
socializar	3.42	11.02
socorrer	5.71	8.98
sodomizar	4.88	15.03
sofocar	3.69	10.24
sofreir	3.04	11.00
sojuzgar	2.62	14.94
solapar	2.88	12.23
soldar	5.42	10.69
solemnizar	2.08	13.24
soler	1.65	9.97
solicitar	2.31	11.06
solidificar	3.00	10.84
soliviantar	2.85	14.00
sollozar	3.00	11.16
soltar	2.38	5.16
soltarse	3.50	5.88
solucionar	2.00	6.72
solventar	2.13	12.40
sombrear	2.31	8.34
someter	3.52	10.48
someterse	2.62	11.06
sonar	2.39	5.00
sondar	3.77	13.11
sondear	2.58	13.80
sonreír	2.86	3.80
sonrojar	1.57	8.16
sonsacar	2.15	11.16
soñar	1.87	4.70
sopesar	2.04	12.95
soplar	3.00	4.56
soportar	2.31	7.96
sorber	2.58	6.64
sorprender	2.65	6.15
sorprenderse	2.52	5.73
sortear	3.26	8.72
sosegar	2.19	12.33
soslayar	2.48	15.18
sospechar	1.67	8.30
sospecharse	1.65	9.96
sostener	2.54	7.34
sostenerse	2.65	7.56
suavizar	2.00	8.08
subastar	3.33	10.46
subdividir	2.89	11.89
subestimar	1.54	11.44
subir	4.63	12.24
subirse	4.23	3.98
sublevar	3.13	4.14
sublimar	2.85	12.93
subordinar	2.50	14.13
subrayar	2.04	12.76
subrogarse	2.00	7.22
subsanar	2.58	14.33
subscribir	1.73	12.31
subsidiar	2.00	11.41
subsistir	2.83	13.69
substanciarse	1.78	11.24
substituir	2.65	13.21
subtitular	2.58	8.74
subvencionar	1.96	10.76
subyugar	2.12	13.50
succionar	3.46	15.23
suceder	2.04	8.20
sucederse	2.17	9.32
sucumbir	2.00	12.45
sudar	2.65	6.10
sufragar	2.17	13.56
sufrir	1.74	7.66
sugerir	1.70	9.76
sugestionar	2.19	13.65
suicidar	5.36	9.70
suicidarse	5.15	9.52
sujetar	2.52	6.12
sujetarse	3.00	5.68
sumar	1.83	5.18
sumarse	2.61	6.70
sumergir	3.85	6.96
sumergirse	4.00	7.34
suministrar	3.52	10.96
sumir	2.38	13.03
supeditar	2.67	13.60
superar	2.46	7.70
superarse	2.08	8.96
superponer	3.12	12.04
supervisar	2.58	10.44
suplantar	3.65	11.66
suplicar	2.58	9.82
suplir	2.62	11.92
suponer	1.17	9.84
suponerse	1.42	10.68
suprimir	2.26	10.38
suprimirse	1.52	11.18
surcar	4.92	9.67
surgir	2.42	9.43
surtir	3.00	10.94
suscitar	1.92	13.29
suscitarse	2.15	14.40
suscribir	2.07	11.14
suspender	1.70	6.18
suspenderse	1.92	7.86
suspirar	2.07	7.06
sustentar	3.30	12.88
sustentarse	2.81	12.32
sustituir	2.46	7.96
sustraer	3.96	11.29
sustraerse	2.92	11.90
susurrar	1.81	7.53
suturar	4.12	13.43
suturarse	4.00	13.41
tabicar	4.96	11.08
tablear	4.38	12.13
tabletear	3.15	13.93
tabular	2.04	14.21
tachar	2.46	6.46
tachonar	3.35	10.29
taconear	5.23	8.00
taladrar	4.58	8.90
talar	5.37	7.78
tallar	4.71	10.10
tambalear	3.85	8.40
tambalearse	4.69	8.74
tamborilear	4.50	10.92
tamizar	3.96	14.50
tantear	2.52	11.00
tañer	3.88	13.80
tapar	3.31	4.80
taparse	3.15	5.00
tapiar	5.04	11.24
tapizar	4.50	11.04
taponar	3.00	7.78
taquigrafiar	4.19	13.41
tararear	2.04	7.48
tardar	1.92	6.10
tartamudear	3.42	8.88
tasar	1.75	13.93
tatuar	5.00	9.36
teatralizar	4.88	9.74
teclear	4.50	8.68
tejar	4.71	10.47
tejer	3.19	8.02
telefonear	3.29	6.46
telegrafiar	3.65	11.65
televisar	1.74	9.22
temblar	4.07	6.06
temer	1.50	6.26
templar	2.81	10.41
tender	3.65	6.28
tenerse	1.93	6.83
tensar	3.69	9.06
tensionar	3.81	11.90
tentar	2.58	10.04
teñir	3.85	8.72
teorizar	1.50	12.35
terciar	2.42	12.72
tergiversar	1.79	14.00
terminar	2.50	4.51
terminarse	2.00	5.68
testificar	2.19	11.44
testimoniar	2.07	12.88
tildar	1.92	11.69
timar	2.69	9.96
timbrar	3.15	10.20
tintinear	2.85	12.09
tiranizar	2.67	12.28
tirar	4.12	4.46
tirarse	4.36	5.40
tiritar	3.73	7.30
tirotear	5.15	8.54
titilar	2.81	13.04
titubear	2.12	12.33
titular	1.96	10.84
titularse	1.61	11.39
tocar	3.00	4.30
tolerar	1.48	10.18
tolerarse	1.52	11.70
tomar	3.14	5.14
tomarse	2.31	6.50
tonificar	4.93	12.70
tontear	2.92	9.40
topar	2.57	10.60
toparse	2.46	10.53
torcer	3.58	6.98
torear	5.88	8.78
tornar	3.11	12.49
torpedear	4.96	12.38
torturar	5.42	9.62
toser	3.65	4.52
tostar	2.35	6.94
tostarse	1.78	8.12
trabajar	5.69	5.34
trabar	2.46	8.06
trabucar	3.12	12.56
traducir	1.87	7.96
traducirse	2.04	9.69
traer	4.19	4.64
traerse	2.73	6.14
traficar	4.62	11.36
tragar	2.96	4.04
tragarse	3.30	4.36
traicionar	2.17	8.24
trajear	2.85	11.00
trajinar	4.11	11.89
tramar	1.70	8.82
tramitar	2.31	11.84
trampear	3.23	11.32
tranquilizar	2.22	6.86
tranquilizarse	1.79	6.24
transcurrir	2.04	9.68
transferir	2.69	12.30
transfigurar	3.15	13.41
transformar	3.15	7.56
transformarse	3.31	7.06
transgredir	3.04	14.33
transigir	1.70	13.78
transitar	4.19	10.08
transmitir	2.88	9.36
transmitirse	2.26	9.44
transmutar	3.52	13.63
transpirar	2.43	11.22
transplantar	4.96	9.78
transponer	3.42	12.65
transportar	4.46	6.73
trapichear	4.19	11.25
traquetear	4.88	11.06
trascender	2.42	12.83
trascribir	3.35	12.42
trashumar	4.15	13.59
trasladar	4.38	7.70
trasladarse	4.96	7.48
traslucir	1.70	12.36
trasnochar	3.77	12.34
traspapelar	2.50	11.25
traspapelarse	2.09	12.29
trasparentar	1.38	9.22
trasparentarse	1.65	9.92
traspasar	3.92	9.55
traspasarse	3.60	9.65
trasplantar	4.35	9.98
trasquilar	4.92	9.19
trastabillar	4.50	12.05
trastear	4.96	9.14
trastocar	2.69	11.66
trastornar	2.46	10.96
trasvasar	3.85	11.79
tratar	2.85	7.58
tratarse	2.30	8.92
travestir	3.58	12.47
travestirse	4.41	12.47
trazar	3.25	8.40
trenzar	3.00	8.18
trepanar	4.27	14.22
trepar	5.67	6.04
tributar	2.13	15.31
tricotar	4.15	12.90
trillar	4.14	7.58
trinar	2.81	11.80
trincar	4.31	9.09
trinchar	3.85	11.20
triplicar	2.22	9.08
tripular	4.58	9.16
triscar	4.22	12.75
triturar	3.30	8.40
triunfar	3.15	9.30
trivializar	1.52	13.48
trocar	2.96	13.88
trocear	3.69	7.14
tronar	2.13	9.19
tronchar	4.65	10.61
troncharse	4.44	9.78
tropezar	3.58	5.72
troquelar	3.77	14.72
trotar	5.62	7.20
trovar	2.42	13.06
trucar	2.59	9.33
truncar	2.96	11.96
tumbar	3.07	6.20
tundir	3.85	15.08
turbar	2.73	13.69
turnar	2.92	6.53
tutear	1.37	11.96
tutelar	2.27	12.29
ubicar	2.64	9.66
ubicarse	2.52	9.86
ulcerar	2.00	14.16
ultimar	2.54	11.71
ultrajar	2.35	13.83
ulular	2.96	12.22
uncir	3.04	12.94
ungir	2.81	12.40
unificar	3.62	12.66
uniformar	3.08	8.11
unilateralizar	1.70	14.35
unir	2.63	5.72
unirse	2.43	6.16
universalizar	1.70	12.02
untar	2.81	7.35
urbanizar	4.69	11.18
urdir	2.54	12.73
urgir	2.91	11.81
usar	2.96	4.66
usarse	3.04	5.84
usurpar	3.23	11.76
utilizar	3.24	6.38
utilizarse	2.61	6.80
vaciar	2.78	5.30
vaciarse	2.44	6.53
vacilar	1.88	8.56
vacunar	2.45	5.73
vadear	3.83	12.78
vagabundear	3.81	9.66
vagar	3.27	10.20
valer	1.57	7.02
validar	1.92	11.08
vallar	4.52	8.28
valorar	1.78	8.54
valorarse	1.52	9.86
valsar	3.85	13.69
vanagloriar	1.96	13.35
vaporizar	3.15	10.90
vapulear	3.85	13.21
varar	4.08	12.47
variar	2.08	9.06
vaticinar	1.54	13.38
vedar	2.73	13.88
vegetar	1.13	13.00
vejar	3.50	14.00
velar	2.36	11.26
vencer	3.69	6.76
vendar	3.42	6.54
vender	2.72	5.94
venderse	2.50	8.88
vendimiar	6.15	9.07
venerar	1.74	12.07
vengar	3.04	7.80
vengarse	3.26	8.14
venir	4.42	4.50
venirse	3.46	7.24
ventilar	3.46	9.70
ver	2.22	4.08
veranear	4.23	6.84
verbalizar	2.31	10.66
verificar	1.59	10.74
versar	1.70	12.22
verse	1.96	4.41
vertebrar	2.69	11.43
verter	3.74	9.46
vestir	4.46	4.26
vestirse	4.81	3.94
vetar	2.04	13.35
viajar	5.62	5.12
vibrar	3.70	8.42
viciar	2.96	10.90
vigilar	2.11	7.52
vigilarse	1.88	7.92
vigorizar	3.04	13.97
vilipendiar	2.50	15.17
vincular	2.50	11.30
vincularse	2.50	11.78
violar	6.00	10.68
violentar	4.62	10.56
virar	3.62	8.84
visionar	2.43	12.09
visitar	3.67	4.86
vislumbrar	1.96	12.27
visualizar	1.65	9.58
vitorear	3.38	11.88
vitrificar	3.12	13.75
vivenciar	2.26	12.93
vivificar	2.85	12.62
vivir	3.09	5.33
vivirse	2.09	7.39
vocalizar	2.38	7.42
vocear	2.92	10.16
vociferar	2.96	11.32
volar	5.54	4.38
volcar	4.21	7.49
volcarse	3.69	10.54
volear	4.00	11.68
voltear	3.78	9.62
volver	3.85	5.71
volverse	2.59	6.80
vomitar	3.85	4.64
votar	3.24	9.08
votarse	3.42	8.27
vulnerar	2.12	12.43
yacer	1.19	12.30
yantar	4.15	14.55
yodar	2.17	13.57
yuxtaponer	2.67	14.07
zafar	3.30	10.58
zafarse	3.31	11.85
zaherir	2.22	13.80
zambullir	4.65	7.90
zambullirse	4.78	8.32
zampar	3.59	7.58
zanjar	2.56	10.63
zapatear	4.77	7.60
zapear	2.92	12.29
zarandear	6.04	9.56
zarpar	4.84	10.29
zigzaguear	5.04	10.56
zozobrar	3.58	13.67
zumbar	4.23	9.63
zurcir	3.85	11.31
zurrar	5.92	8.51
