word	familiarity
abandon	83.04545455
abat-jour	88.9047619
abattoir	80.45454545
abbé	46.85714286
abdomen	88.2
abeille	94.5
abîme	71.09090909
aboiement	88.52941176
abondance	91.5
abonné	85.45454545
abonnement	86.59090909
abricot	92.33333333
abstinence	85.11764706
abstraction	75.15789474
abus	85.71428571
académie	86.70833333
accélérateur	86.95454545
accent	91.63636364
acceptation	86
accès	86.45454545
accession	57.79166667
accessoire	91.83333333
accident	94.16666667
accord	78.66666667
accordéon	89.38095238
accouplement	88.70833333
accroc	71.68181818
accusation	91.7
accusé	83.15
achat	86.61904762
acide	87.57894737
acier	90.58333333
acquisition	90.66666667
acte	90.59090909
acteur	92.52173913
action	91.04545455
activation	83.8
actualité	89.71428571
adage	40.19047619
adaptation	93.83333333
adhésion	82.1
adieu	89.18181818
adjectif	88
adjoint	81.10526316
administrateur	85.72727273
administration	86.63157895
admiration	91.75
admission	90.20833333
adolescente	92.28571429
adoption	78.85714286
adresse	96.26315789
adverbe	81.36842105
adversaire	93.57894737
aéroport	91.1875
affection	95.72727273
affichage	91.35
affirmation	91.04545455
affluence	61.22727273
affolement	82.81818182
âge	92.86363636
agenda	92.54545455
agente	85.26315789
agilité	89.6875
agitation	90.11764706
agneau	84.13636364
agonie	91.13636364
agrafeuse	90
agressivité	81
agriculteur	87.33333333
agriculture	89.35
agrumes	90.83333333
aide	95.63157895
aïeul	46.33333333
aigle	87.09090909
aigre	76.26315789
ail	92.38095238
aile	86.86363636
aimant	88.84210526
aisance	82.05
ajout	87.29411765
ajustage	67.36842105
album	86.11764706
alerte	91
algèbre	86.9047619
alibi	79.20833333
alignement	86.33333333
aliment	93.58333333
alimentation	89.95454545
allée	89
allégresse	61.81818182
alligator	91.47619048
allocution	72
allure	80.6
allusion	85.18181818
altitude	88.81818182
amande	94.22727273
amante	73.45454545
amas	55.66666667
amateur	94.95454545
ambassadeur	77.33333333
ambiance	90.16666667
ambiguïté	87.26315789
ambulance	96.5
âme	89.5
aménagement	82.14285714
amende	87.27272727
amertume	76.54545455
amnésie	79.05263158
amortisseur	75
ampère	67.15789474
ampleur	84.22727273
amplificateur	87.90909091
amplitude	81.17647059
ampoule	94.66666667
analogie	68.52380952
ananas	93.63636364
anarchie	73.95
anatomie	88.7
ancêtre	90.35
âne	86.125
angle	93.5
angoisse	86.33333333
anguille	75.52631579
animation	86.57894737
anneau	89.86363636
année	92.41666667
annexe	83.40909091
annonce	92.66666667
annuaire	78.59090909
antichambre	51.85
anticipation	87.94736842
antipathie	68.16666667
antithèse	71.83333333
antre	34.6
anxiété	91
aorte	60.05263158
aperçu	87.5
apéritif	94.15789474
aphrodisiaque	62.10526316
aplomb	42.89473684
apogée	74.04545455
appareil	88.42857143
appartement	92.33333333
appât	74.85
appel	91.5
appétit	92.8
application	89.6
apport	69.19047619
appréciation	91.36363636
apprentissage	88.70588235
approche	82.47619048
appui	85.61904762
aptitude	81.72727273
aquarelle	80.47619048
araignée	94.66666667
arbalète	67.375
arbre	96.90909091
arbuste	92.66666667
arc	93.59090909
archer	68.14285714
archet	49.25
archipel	64.57894737
architecture	84.47368421
ardeur	74.94736842
arène	83.52380952
arête	80.71428571
argile	85.7
argot	29.125
argument	85.66666667
armistice	29.2
armoire	95.27272727
armure	91.95454545
arôme	89.05263158
arrivée	96.68181818
arrosoir	87.81818182
arsenal	74.86363636
artère	78.84210526
artichaut	83.26315789
articulation	89.25
artillerie	66
artisan	91
ascension	70.33333333
asile	90.22222222
aspect	82.16666667
asperge	87
asphalte	91.14285714
aspirateur	92.45833333
aspiration	87.94736842
aspirine	90.625
assaut	75.79166667
assemblée	86.66666667
assiette	93.41666667
assistanat	46.5
assistance	89.79166667
assistant	94.72727273
association	83.21052632
astronaute	88.77272727
astuce	80.22222222
atmosphère	81.63157895
atome	90.77272727
atout	82
âtre	13.94736842
attachement	88.375
attaque	86.68181818
atteinte	83.58823529
attelage	55.05263158
attendrissement	84.5
attirance	93.26315789
attraction	85.57142857
attrape	83.41176471
attribut	87.125
attribution	79.63157895
aubergine	92.94444444
audace	34.1255
audience	88.58333333
audition	88.36842105
auge	11.04545455
augmentation	94.04545455
augure	49
aune	18.55555556
aura	82.42105263
aurore	88.65
auteure	86.84210526
automate	57.8
automobile	92.66666667
autonomie	89.73684211
autorisation	84.31578947
autruche	91.42857143
auvent	63.75
avalanche	90.45833333
avantage	93.68181818
avatar	85.125
avenir	90.68181818
avenue	88.45454545
averse	90.5
avertissement	91.31578947
aveu	89.47368421
avion	92.85714286
aviron	74.8
avis	90.10526316
avoine	90.41666667
avortement	84.33333333
avril	93.86363636
axe	80.36363636
azote	79.86363636
babillard	92.25
bactérie	89.31578947
bagage	94.66666667
bagarre	91.72727273
bagatelle	54.19047619
bagnole	80.52631579
bague	96
bail	81.55
bain	95.52631579
baiser	94.6
balade	91.86363636
balai	95.38095238
balance	89.19047619
balançoire	95.77272727
balcon	91.23529412
baleine	93.9375
balise	70.91666667
balle	93.8
ballet	89.54166667
ballon	94.04545455
baluchon	55.40909091
bambin	87.78947368
bambou	92.4375
banane	96.61904762
bande	84
bandelette	70.71428571
banderole	74.22727273
banjo	71.33333333
banlieue	90.05
bannière	82.54166667
banque	94.95454545
banquet	82.15789474
baptême	87.33333333
baraque	72.47368421
barbe	93.8125
barbecue	90.95
barbelé	79.25
barbiche	67.85
barge	33.1
baril	81.38095238
baron	65.61904762
baronne	55.68421053
barque	81.04166667
barrage	90.18181818
barrette	80.33333333
barricade	82.75
barrière	91.15
bascule	83.10526316
basket-ball	86.86363636
basse	73.05263158
bassine	71.31578947
bataille	86.5
bataillon	68.0952381
bateau	87.9047619
bâtisse	89
bâtonnet	90.52631579
battant	81.42857143
baume	66.10526316
bavure	71.625
bazar	79.85
bec	96.36363636
bedon	84.85714286
bègue	62.42105263
beignet	88.38095238
belette	55.31578947
belge	86.72727273
bélier	85.95833333
belvédère	70.04545455
bémol	75.36842105
bénéfice	87
benne	33.31578947
béquille	85.33333333
béret	74.59090909
berge	56.875
besogne	62.75
bestiole	80.78947368
bêtise	90.17647059
béton	88.81818182
betterave	87.22727273
beurre	91.77777778
biais	76.7
biberon	87.875
bible	89.35
biche	75.42857143
bicyclette	96.68181818
bidon	77.81818182
bien-être	92.45454545
bienfait	85.7
bigoudi	72.08333333
bijouterie	82.95238095
bijoutière	87.36842105
binette	63.77272727
biographie	92.70833333
biscotte	78.45454545
bise	85.15789474
bisou	92.33333333
blague	91.83333333
blaireau	53.23809524
blanc	96.89473684
blason	53.61904762
blatte	53.66666667
blé	90.86363636
blessé	94.75
blessure	93.05
blette	38.89473684
bleuet	96.36363636
blocage	81.36842105
blouse	92.54545455
blouson	89.84210526
boa	85.26315789
bobine	82.95238095
boeuf	95.13636364
bois	96.3125
boîtier	88.41176471
bombarde	74.94117647
bombe	83.23809524
bon	93.27272727
bonbon	96.89473684
bonbonne	76.29166667
bond	77.94736842
bonheur	90.82352941
bonne	91.36363636
bonté	83.52380952
bonze	14.9047619
boomerang	80.78947368
bordée	60
bordereau	66.04545455
bordure	89.5625
borne	69.85714286
bosquet	47
bottin	81
bottine	91.40909091
bouche	95.85714286
bouchée	94.47619048
boucle	88.9047619
boudin	74.70833333
bouge	86.6
bougie	93.59090909
bouilloire	92.83333333
boulanger	87.63636364
boulangerie	89.05263158
bouleau	82.61904762
boulet	74.27272727
boulette	82.05
boulevard	91.68181818
boulon	66.17647059
boulot	90.2
bouquet	88.16666667
bouquineur	65
bourde	41.45454545
bourdon	81.15
bourgeoisie	88.1875
bourreau	78.47368421
bourse	88.375
bouse	45.72727273
bouseux	19.13636364
boussole	89.08695652
bout	86.89473684
boutade	35.88235294
boute-en-train	77.95238095
bouteille	95.16666667
boutique	93.13333333
bouton	93.58333333
boutonnière	76
boyau	76.625
braise	83.1875
branchage	72.94117647
branche	93.08333333
bras	95.66666667
brasier	76.5
bravoure	79.47368421
bretelle	84.8
bribe	38.27272727
brigade	78.78947368
brigadière	80.6
brindille	83.77272727
brioche	92.95833333
brique	89.52380952
brise	90.42105263
brocanteur	40.1
broche	84.76470588
brochet	63.33333333
brochette	84.625
brochure	93.94444444
brocoli	93.84210526
broderie	81.5
brosse	90
brosse à dents	92.42105263
brouette	79.77272727
brouillon	86.14285714
broussaille	46.40909091
bru	63.52631579
bruine	73.09090909
bruit	93
brûleur	79.1875
brûlure	94.05263158
brutalité	89.20833333
buanderie	79
bûcher	80.2
budget	87.94117647
buée	93.85714286
bulbe	61.31578947
bulle	92.375
bureau	96.52631579
burin	20.7
butin	64.0952381
butor	17.23529412
buveur	86.6875
cabale	25.89473684
cabanon	87.4
cabinet	87.63157895
câblage	83.36363636
cabriolet	50.95238095
cacahuète	92.73684211
cachalot	33.6
cachette	93.05263158
cachot	70
cactus	94.14285714
caddie	51.85714286
cadenas	95.26315789
cadran	93.38095238
cadre	94.6
cafard	87
café	95.31818182
cage	94.73684211
cahier	95
caïman	53.94444444
caissière	95.0952381
calanque	26.31578947
calcification	63.04545455
calcul	91.33333333
cale	41.57894737
calèche	89.54545455
caleçon	88.86363636
calepin	69.68421053
calibre	71.23809524
calmar	82.29166667
calme	91.21052632
calomnie	48.20833333
calorie	81.57894737
calotte	68.86956522
calumet	53.05882353
camarade	91.375
cambriolage	86.77272727
caméléon	93.14285714
camion	94.27272727
camionnette	90.04761905
camisole	88.72727273
camp	83.63636364
campagne	93.23809524
camping	90.58823529
canapé	93.76190476
canard	89.35
canari	87.59090909
cancer	93.36842105
candeur	45.79166667
candidat	87.77272727
candidature	92.42857143
cane	71.59090909
canette	95.52380952
caniche	89.75
canif	78.42105263
canoë	79.3125
canon	81.5
cantatrice	43.61904762
cantine	80.64705882
cantique	41.57894737
canton	62.1
capacité	90.33333333
cape	81.28571429
capital	87.36363636
capitale	85.83333333
capot	77.05263158
caprice	85
capsule	84.52631579
captivité	82.81818182
capture	80.42857143
capuche	73.5
capuchon	86.80952381
carabine	76.45454545
caractéristique	88.95454545
carafe	81.42857143
caramel	94.44444444
carapace	89.04166667
carat	54.27272727
caravane	84.13636364
caravelle	34.16666667
carburant	91
carburateur	84.84210526
carcan	29
carcasse	81.23809524
cardiogramme	66.20833333
carence	74.63636364
caresse	93.33333333
cargo	72.72727273
caribou	79.68181818
caricature	91.25
carie	92
carillon	60.7
carnaval	87.11111111
carotte	95.36842105
carpette	69.25
carquois	28.33333333
carré	94
carrefour	82.22222222
carrière	92.95238095
carriole	45.68421053
carrosse	81.57894737
cartable	86.36363636
cartouche	91.79166667
cas	92.22727273
cascade	88.47619048
cascadeur	87.95454545
caserne	86.23529412
casino	87.1
casque	91.09090909
cassette	71.18181818
caste	50.33333333
castor	90.66666667
cataclysme	71.85
catalogue	94.63636364
catapulte	83.45
catastrophe	94.42105263
catégorie	93.66666667
cauchemar	93.71428571
causalité	74.45454545
cause	90.16666667
cavalerie	73.72727273
cave	92.71428571
caverne	84.36363636
cavité	64.29411765
cèdre	86.64705882
ceinture	97.15789474
céleri	94.0625
cellule	86.0952381
cène	25.35
cens	23.9047619
cent	92.81818182
centaure	54.5
centre	86.18181818
cèpe	21.18181818
cerceau	76.05263158
cercueil	81.22727273
cérémonie	86.36842105
cerf	86.89473684
cerise	96.0625
cerisier	86.64705882
cerne	90.875
certitude	87.83333333
chacal	67.28571429
chagrin	91.42857143
chair	83.66666667
chaise	95.89473684
châle	78.70588235
chalet	96.52631579
chaloupe	73.70588235
chambre	94.77272727
chameau	92.33333333
champ	90.86363636
champignon	91.42857143
champion	90.66666667
championnat	86.18181818
chance	87.61111111
chandail	90.31578947
chanteuse	91
chantier	89.85714286
chaos	85.42857143
chapeau	92.5
chapelle	90.86363636
chaperon	82.47619048
chapiteau	86.17647059
chapitre	95.15789474
charabia	54.04761905
charité	88.79166667
charme	92
charnière	65.22727273
charpente	56
charte	79.31818182
châsse	59.16666667
chaste	72.27272727
chat	96.94736842
châtaigne	58.5
château	93.33333333
châtiment	80.10526316
chaton	89.26315789
chaudron	90.5
chauffage	95.80952381
chaussette	97.13333333
chausson	91.78947368
chaussure	93.16666667
chauve	87.94736842
chauve-souris	93
chauvinisme	37.71428571
cheminée	86.94736842
chemisier	81.8
chenille	89.65
cheptel	16.90909091
chéquier	81.18181818
cheval	96.13043478
chevelure	86.05882353
cheveu	91.15
cheville	89.70833333
chèvre	90.66666667
chevreau	44.86363636
chewing-gum	92.66666667
chien	95
chignon	90.63636364
chinoiserie	54.80952381
chirurgien	93.57894737
choc	89.05
choeur	85.58333333
choléra	77.52631579
chômage	90.20833333
chronique	84.86363636
chronomètre	85.76190476
ciel	96.31818182
cigare	89.27272727
cigarette	94.05882353
cigogne	84.95833333
ciment	90.625
cimetière	89.5
cintre	91.58823529
circonstance	82.31578947
circulation	89.09090909
cirrhose	33.63157895
ciseaux	93.42857143
citadelle	71.25
citation	91.73333333
citerne	75.95454545
citoyen	87.05263158
citoyenne	91.36363636
citron	97.04545455
citrouille	91.91666667
civière	82.36363636
civilisation	88.36363636
civisme	75.95454545
clafoutis	38
clairière	73.2
clairon	33.35
clarification	84.13636364
clarté	85
classement	84
classification	84.59090909
claustrophobie	86.68421053
clavecin	39.57894737
clé	93.57142857
clebs	17.35
clef	87.78947368
clémence	77.89473684
clenche	44.125
clic	90.85714286
cliché	84.75
client	88.61904762
cliente	91.90909091
clientèle	90.5625
climatiseur	82.31578947
clinique	94.9
clique	78.41666667
clivage	34.85714286
cloche	92.18181818
clocher	92.84210526
clochette	91.4375
cloison	56.38095238
clôture	90.13636364
clou	91.73684211
cobra	95.31818182
cocaïne	85.94117647
coccinelle	94.23809524
cochon	92.66666667
cocotte	76.65
cocotte-minute	76.77777778
cocu	73.18181818
codage	77.68181818
coffre-fort	88.57142857
coffret	84.04166667
cognac	80.52631579
cohérence	85
cohue	60.95238095
coiffure	89.80952381
coïncidence	90.16666667
coing	32.42105263
colibri	81.42105263
colique	70.19047619
collaborateur	83.83333333
collaboration	92.63636364
collage	82.05263158
collant	84.28571429
collection	89
collectivité	81.80952381
collègue	91.04545455
collet	61.73684211
colline	85.625
collision	77.61904762
colloque	74.16666667
colombe	84.45
colonie	85.28571429
colorant	91.125
colza	19.34782609
combinaison	87.89473684
combustion	79.70588235
comédie	91.42857143
comète	74.63157895
comité	86.65
commande	94.1875
commandement	88.38095238
commencement	89.7
commerçant	91.13333333
commerce	90.75
commère	47.57894737
commissaire	83.29166667
commission	88
commode	85
communauté	92.54166667
communiqué	80.68421053
communisme	80.14285714
compagnie	94.47368421
comparaison	85
compas	87.95833333
compatible	90.66666667
compensateur	62.77272727
compère	45.68181818
compétence	95.42105263
complaisance	38
complément	85.36363636
complet	90.58333333
complexe	87.95238095
complexité	94.06666667
complication	87.18181818
complicité	91.31578947
compliment	96.54545455
complot	80.42105263
composant	87.63636364
composante	80.81818182
composé	80.42857143
composition	85.23809524
compote	92.68181818
compréhension	94.95238095
compromis	90.95454545
comptabilité	80.61111111
comptable	91.05882353
compte	91.86363636
comptine	80
comptoir	93
comté	66.0952381
comtesse	77.55
concentration	93.75
concept	88.66666667
conception	86.36363636
concombre	98.25
concurrence	86.0952381
concurrent	91.72727273
condition	86.05263158
conduit	82.36363636
conduite	90.84210526
conférence	91.73684211
confession	83.42105263
confiance	95
confidence	93.18181818
configuration	81.3
confirmation	90.4
confiture	94.72727273
confrère	71.8
confusion	86.47619048
congé	93.58823529
congrès	80.23809524
conjoint	95.35
conjoncture	59.875
conjugaison	88.36842105
conne	89.33333333
connexion	90.78947368
conquête	84.47058824
conscience	86.16666667
conseiller	90.81818182
consentement	93.54545455
conséquence	91
conservation	84.1
conserve	90.04545455
considération	86.77272727
consigne	88.5
consolation	90.63157895
consommateur	87.3
consommation	93.26315789
constitution	75.70588235
constructeur	89.10526316
construction	90.8
consultant	83.375
consultation	92.81818182
conte	84.23809524
contemplation	79.68181818
contenant	90.0952381
content	96.13636364
continence	54
continuité	90.38095238
contour	80.15789474
contraception	93.41176471
contradiction	86.52941176
contrainte	85.15
contrariété	79.04545455
contraste	88.52631579
contrat	89.70833333
contrepoison	46.71428571
contribution	82.25
contrôle	91.38095238
convenance	61.22727273
convention	83.05263158
conversion	89.05263158
conviction	82.70588235
convoi	64.77777778
coopération	88.05
coordination	80.88235294
coordonnée	86.85
copeau	71.16666667
copinage	58.94736842
coq	89.875
coque	71.57142857
coquillage	93.31818182
coquille	88.23529412
cor	17.77272727
corbeille	92.875
cordée	56.6
cordon	86.58333333
corne	80.21052632
corneille	84
cornemuse	77.70833333
cornet	93.0952381
cornichon	92.83333333
corporation	85.13636364
corps	90.89473684
corpulence	52.57142857
correction	85.27272727
correspondance	88.95238095
correspondant	80.38095238
corrida	27.77272727
corridor	91.05263158
cortège	66.20833333
corvée	86.375
cosse	26.41176471
costume	90.125
cotation	78
côte	90.23809524
côté	88.68421053
coteau	36.04761905
cotisation	91.45454545
coton	87.81818182
cou	92.16666667
couard	21.26315789
couche	90
coucher	89.40909091
coude	87.76190476
couffin	22
couleur	93.05263158
couleuvre	74
coupe	90.375
couple	97.72727273
couplet	76.21052632
coupon	87.04761905
coupure	84.95238095
courage	93.85
courbature	78.04545455
courbure	81.27272727
courgette	85.16666667
couronne	90.85
courroie	77.68181818
cousin	93.42857143
coût	87.33333333
couteau	96.0952381
coutume	90.68421053
couture	91.38888889
couturier	78.66666667
couvent	78.30434783
couvercle	91.63157895
couvert	81.73684211
coyote	76.27272727
crabe	93.08333333
crainte	88.83333333
crampon	87.65
crâne	92
crapaud	87.63636364
craque	81.15789474
craquement	81.2
cratère	76.52380952
cravate	94.15
crayon	95.22727273
créature	90.68181818
crédit	93.21052632
crème	95.52380952
créole	77.04545455
crêpe	95.05263158
crépuscule	83
crête	64.05263158
crevaison	84.57894737
crevasse	82.125
crevé	91.0952381
crevette	95.77272727
crinière	79.9047619
critère	90.63636364
critique	91.28571429
croc	69.33333333
croche-pied	44
crocodile	91.33333333
crosse	63.80952381
croupe	32.29166667
croyance	86.09090909
cruauté	82.31818182
cruche	76.66666667
crudité	94.86363636
crypte	35.44444444
cube	91.63157895
cueillette	86.45454545
cuillère	97.38095238
cuir	90
cuisine	90.61904762
cuisinière	88
cuisse	93.26315789
cuisson	92.61904762
culot	85.16666667
culture	86.81818182
cumul	73.9047619
curseur	89.1
cuvée	65.75
cycliste	90.31578947
cyclone	77.23809524
cylindre	84.9047619
cymbale	68.13636364
daltonisme	76.78947368
damier	54.19047619
dance	83.80952381
danseur	93.04761905
dauphin	95.31578947
dé	88.16666667
débâcle	54.95238095
débat	90.63157895
débile	85.63636364
débit	89.9047619
débouché	73.11764706
débris	88.95238095
début	94.05263158
décalage	85.2
décembre	92.94117647
déception	88.58333333
décès	83.2
décharge	78.59090909
déchet	89.95454545
décimètre	84.27272727
décision	93.0952381
déclaration	84.63636364
déclic	82.41666667
déclin	82.75
décollage	88.75
décoration	89.77272727
découverte	88.6
décrépitude	48.58823529
décret	52.5
déesse	85.25
défi	90.38888889
défiance	81.1875
déficit	85.10526316
défilé	89.54166667
définition	95.63157895
dégaine	35.125
dégât	92.55
dégel	89.27777778
dégoût	91.85714286
déguisement	93.80952381
déité	11.36363636
déjeuner	90.13636364
délai	91.42857143
délégation	58.5
délégué	77.77272727
délicatesse	91.47058824
délire	71.95238095
délit	89.1875
délivrance	78.40909091
déluge	90.2
demande	88.47619048
démarche	85.13636364
démêlage	82.91666667
demeure	91.33333333
déminage	50.15
démocratie	93.28571429
démolition	88.375
démon	89.05263158
dent	91.95833333
dentelle	89.5
département	89
dépense	94.71428571
dépit	59.45454545
dépliant	86.04545455
dépôt	89.11111111
dépotoir	85.15
député	79.57142857
dérision	61.45
derme	65.31578947
dernier	89.45454545
derrière	94.66666667
désarroi	78.76190476
désastre	84.5
description	94.5
déséquilibre	89.54166667
désillusion	72.15789474
désir	87.23809524
dessein	47.1875
destin	92.21052632
destination	90.2
destinée	85.41176471
destruction	89.36363636
détection	86.6875
détente	94.45454545
détermination	93.59090909
détonateur	78.1
détonation	78.18181818
détour	90.42105263
détresse	86.5
deuil	87.41666667
devant	97.13636364
développement	92.625
déviation	89.71428571
devin	70.70833333
devinette	92.76190476
devis	62.76190476
devise	81.89473684
dévoilement	86.75
devoir	94
dévotion	78.33333333
dextérité	86.86363636
diagnostic	91.21052632
diagonale	86.52380952
diapason	53.13636364
diapositive	82.1
dictaphone	60.59090909
dictature	82.40909091
dictée	95.04545455
diction	58.66666667
dicton	64.7
dièdre	4.5
diesel	84.04761905
difficulté	89.42857143
diffusion	86.42105263
digestion	89.27272727
dignité	86.27272727
dilemme	86.15789474
diligence	57.09090909
dilution	74
dimanche	96.53333333
diminutif	72.95
dinde	88.05
dindon	84.79166667
dîner	89
dînette	68.43478261
dinosaure	87.9
diplôme	95.42857143
direction	85.0952381
directive	88.13636364
disciple	82.15789474
discipline	88.76470588
discorde	66.66666667
discrétion	92.81818182
discussion	92.57142857
disparition	87.31578947
disparu	86.94736842
dispensaire	53.28571429
disponibilité	92.68421053
dispositif	81
disposition	75.14285714
dispute	87.57142857
disque	92.14285714
disquette	82.59090909
dissertation	86.15789474
distance	87.05555556
distinction	72.52941176
distorsion	66.04761905
distraction	86.33333333
distribution	83.76190476
diva	62.875
diversité	87.63636364
divinité	87.68421053
division	89.54166667
divorce	94.61904762
dix	93
docteur	96.72727273
doctrine	72.04761905
document	90.81818182
documentaire	92.47368421
documentation	89.78947368
doigt	97.25
doigté	88.5
dol	21.47058824
dollar	95.89473684
dom	25.04545455
domicile	94.05
domination	92.05
domino	86.52941176
dompteur	74.95652174
doré	93.77272727
dortoir	78.0952381
dosage	85.75
double	85.36363636
douceur	93.47368421
douche	94.16666667
douille	68.47619048
douillette	81.54545455
douve	13.85
doux	93.61904762
douze	91.94736842
dragée	59.31578947
drapeau	96.77272727
droit	92.40909091
dromadaire	75.78947368
dualisme	57.04761905
dualité	77.82352941
duchesse	81.77272727
dune	77.29166667
durée	95.18181818
dureté	88.29166667
dynamique	89.66666667
ébullition	93.45454545
écaille	80.52631579
écart	87.04545455
échalote	88.54545455
échange	85.65
écharpe	91.05263158
échauffement	88.90909091
échec	86.3
échelle	95
échine	31.57142857
échiquier	67.68421053
éclair	87.95238095
éclairage	94.57142857
éclaircie	86.29166667
éclat	81.47368421
éclatement	84.73684211
éclosion	84.95238095
école	90.9
écolier	88.36842105
économie	89.18181818
économique	95.81818182
écorce	76.36363636
écoute	88.22727273
écouteur	97.05
écrevisse	66
écritoire	37.80952381
écrivain	92.42857143
écrou	55.5
écu	36.18181818
écueil	27.11111111
écume	65
écureuil	96.14285714
écurie	80.31818182
écusson	70.36363636
édifice	89.57142857
édition	79.95
édredon	57.41666667
efficacité	86.40909091
effleurement	62.05263158
effroi	81.05
égalité	94.5
églantine	25.71428571
église	87.80952381
égoïsme	90.16666667
élaboration	88.2
élan	84.13636364
élastique	96.5
électrode	76.68181818
électron	80
élégance	85.19047619
élément	82.45454545
éléphant	89.82352941
élève	95.04761905
élite	89.22727273
éloge	84.95454545
éloquence	78.86363636
émail	85.20833333
embarras	87
embouteillage	89.875
embrochement	39.8
émeraude	78.57894737
émission	96.90909091
emmenthal	53.59090909
émoi	73.20833333
émotion	89.79166667
empereur	80.7
empire	90.47619048
emplacement	82.9
emploi	95.52631579
employé	92
employée	91.36363636
employeur	83.33333333
empreinte	78.57142857
emprunt	92.72727273
enclos	74.9047619
enclume	54.66666667
encre	90.80952381
encrier	49
endive	53.4
enduit	54.78947368
énergie	92.68421053
enfant	94.73684211
enfer	94.77272727
enflure	52.6
engagement	85.125
engin	81.5
engorgement	82.31818182
énigme	92.95833333
enjeu	88.54545455
ennemi	92.33333333
ennui	90.59090909
enrouement	32.73684211
enseignant	93.90909091
enseigne	89
ensemble	92.4
entaille	74.27272727
entente	93.45454545
enthousiasme	94.19047619
entonnoir	88.36842105
entrain	81
entreprise	88.05263158
entretien	86.33333333
entrevue	85.84210526
enveloppe	94.54545455
envers	82
envoi	84.83333333
envol	89.63157895
envoûtement	67.04545455
enzyme	73.9
épaisseur	91.38888889
épargne	87.42857143
épaule	96.63636364
épave	77.95833333
épée	91
éperon	32.42105263
épi	71.47368421
épicerie	91.10526316
épidémie	82.86363636
épinards	95.52173913
épine	84.81818182
épinette	50.25
épingle	92.08695652
épisode	85.04761905
éponge	94.14285714
épopée	64.47619048
époque	86.875
épouse	89.83333333
épouvantail	89.66666667
époux	91.16666667
épreuve	90.18181818
éprouvette	87.90909091
équerre	79.31578947
équilibre	85.4
équipage	85.23529412
équipement	94
équitation	91.72727273
équité	90.33333333
équivalent	88.625
érable	90.86363636
erreur	88.9047619
éruption	81.81818182
escadrille	33.95
escale	73.5
escalier	92.6
escargot	92.2
esclave	84.76470588
escompte	71.21052632
espadon	50.35
espérance	89.36363636
espion	84.13636364
esplanade	51.31818182
espoir	90.73684211
esquimau	77.45
essai	85.9047619
essence	94.42857143
essieu	46.45833333
essor	61.84210526
essoufflement	83.54545455
estime	92.78947368
étable	85.17647059
établi	80.36842105
établissement	89.25
étagère	93.86363636
étalon	81.875
étamine	27.09090909
étang	86.41176471
étape	86.83333333
été	96.2
étendue	88.76190476
étincelle	92.5625
étoffe	53.29166667
étoile	95.26666667
étonnement	89.5
étourderie	52.13636364
étourdissement	87.125
étranger	91.19047619
étreinte	67.20833333
étrier	43.84210526
étui	92.22727273
euphorie	88.35
évacuation	83
évaluation	84.63157895
évasion	87.26315789
éveil	86.08333333
événement	92.26315789
éventail	89.375
évêque	73.66666667
éviction	63.78947368
évidence	85.15789474
évier	85.66666667
exaltation	74.09090909
excellence	95.72727273
exception	86.47619048
excès	86.42857143
excitabilité	75.04545455
excitation	94.52631579
exclamation	95.40909091
exclusion	83.9047619
exclusivité	86.21052632
exécution	85.3
exigence	93
exil	83.5
existence	91.72727273
exotisme	84.95
expansion	87.95454545
expédition	89
expert	87.31818182
expertise	92.09090909
exploit	86.08333333
exploitation	87.36363636
explosion	94.57142857
exportation	81.57894737
exposé	86.06666667
exposition	88.47619048
expression	90.31818182
expulsion	85
extase	86.55
extension	81.04347826
extraction	79.70588235
extrait	82.81818182
exubérance	65.95238095
fable	85.68421053
fabrication	86.95
facette	79.5
fâcheux	90.90909091
façon	86.83333333
facture	93.80952381
faculté	89.15789474
faille	81.63157895
faillite	86.23809524
faim	97.54545455
fainéant	86.17647059
faire-part	57.22222222
faisan	51.71428571
faisceau	69.3
faîte	47
fakir	37.05
famille	94.52631579
famine	84.25
fan	89.04761905
fanfare	79.04166667
fanion	26.13636364
fantaisie	86.9
fantôme	91.26315789
faon	52.61904762
fard	51.76470588
fascicule	50.57142857
faste	30.41666667
fatalité	75.95
faubourg	65.75
faucon	75.33333333
faussaire	37.5
faute	87.55
fauve	54.10526316
faveur	88.21052632
fécondité	88.91666667
fédération	76.78947368
feinte	70
femme	91.83333333
fémur	80.04545455
fenêtre	96.5
fente	85.76190476
fer-à-cheval	80.63636364
fermeté	82.85714286
fermeture	92.55555556
ferrailleur	58.95454545
fertilité	90.63157895
ferveur	45.11111111
fesse	92
festin	91.78947368
festival	93.05263158
fête	94.04761905
fétiche	75.68181818
feu	91.41176471
feuillage	83.52631579
feuillet	72.63157895
feuilleton	84.86363636
février	88.85714286
fez	16
fiabilité	89.91666667
fiacre	22.21052632
fiancé	93.3125
fiancée	92.68181818
fiasque	25.36842105
fibre	79.17647059
ficelle	86.8125
fichier	91.86363636
fiction	90.25
fidélité	92.63636364
fief	23.25
fiel	19.26315789
fiente	44.6875
fierté	92.29166667
figue	75
figure	92
fil	90.29166667
fille	97.89473684
filleul	82.875
film	93.29166667
filon	41.5
filou	38.42105263
fils	92.0952381
fin	92.94117647
finale	89.375
finance	88.45833333
financement	84.27272727
financier	86
finesse	90.47368421
fiole	69.09090909
fiord	32.73684211
firmament	66.04761905
fisc	58.5
fissure	87.5
fiston	84.33333333
flacon	84.85714286
flamand	70.125
flambeau	83.80952381
flambée	77.86363636
flammèche	55.36842105
flanc	69.04166667
flaque	87.78947368
flasque	72.20833333
fléau	77.11111111
flèche	93.33333333
fléchette	87.04545455
fleur	96
fleuriste	92.18181818
fleuve	91.81818182
flic	89.47619048
flirt	86.84210526
floraison	89.05
flore	84.33333333
flottage	63.40909091
fluidité	85.43478261
flux	75.18181818
foi	83.45
foire	85.59090909
folie	88.57894737
fonctionnaire	75.16666667
fondation	89.40909091
fonte	76.47619048
force	93.375
forêt	89.73684211
foreuse	66.04761905
format	85.14285714
formule	95
forteresse	79.28571429
forum	70.61904762
fosse	80.5625
fossé	82.31818182
fossile	85.83333333
foudre	90.65
fouet	87.9047619
fougère	71.31578947
fougue	66.89473684
fouille	81.26315789
fouine	71.33333333
foulard	89.05
foulure	74.05263158
four	91.45833333
fourberie	42.38095238
fourche	81
fourchette	97.2
fourmi	89.63636364
fourneau	83.59090909
fournisseur	81.19047619
fourre-tout	60.73684211
fourrure	90.83333333
fracas	74.09090909
fraction	92.71428571
fracture	84.20833333
fraîcheur	93.15
framboise	96.94117647
framboisier	83
franchise	77.83333333
frange	71.15789474
fraternisation	79.23809524
frayeur	78.65
frégate	54.23529412
frêne	51.31578947
fréquence	87.5
friabilité	46.38095238
friandise	94.85714286
fric	90.0952381
friche	25.15
friction	88.33333333
frigidaire	96.3125
frigidité	60.54545455
frigo	95.625
frileux	89
fringues	75.52380952
fripe	48.71428571
frisson	94.04761905
frissonnement	86.54545455
froideur	84.52380952
froissure	51.5625
fromage	94.68421053
fronde	28.61904762
frottement	87
fuel	53.5
fuite	89.31818182
fumier	83.14285714
fumiste	25.76190476
fureur	81.13636364
furie	66.27272727
fusée	91.68421053
fusil	92.5
fusion	85.36363636
futur	92.0952381
futuriste	88.30434783
gâchis	85.04545455
gaffe	87.59090909
gaieté	88.78947368
gain	94.13636364
gaine	60.31578947
gala	89.08333333
galaxie	86.90909091
galère	68.42105263
galerie	84.35294118
galette	91.6
galop	91.16666667
galopin	30.13636364
gamelle	65.89473684
gamin	93.375
gangue	22.73684211
garage	92
garantie	92.45454545
garce	71.23809524
garçon	96.54545455
garde	85.31818182
garderie	91.17647059
gardien	85.54545455
gare	94.26315789
garniture	89.18181818
gars	93.47368421
gâteau	94.26315789
gâterie	88.33333333
gaze	35.95454545
gazelle	85.3
geai	53.23809524
geisha	77.5
gélatine	85.63157895
gelée	82.04347826
gencive	96.05
gendarme	62.66666667
générateur	77.36842105
génération	90.33333333
genèse	55.68181818
génie	85.77272727
genou	96.38095238
genouillère	77.21052632
gentillesse	90.9
gerbe	50.63636364
germanisation	46.81818182
gestation	83.42105263
gestionnaire	78.88235294
gibier	85.10526316
gigot	47.22727273
gilet	81.47619048
girafe	91.71428571
girouette	81.5
gîte	82.66666667
glacier	86.81818182
glacière	91.19047619
glaçon	95
glaise	57.09090909
glaive	33.5
gland	85.25
glande	79.7826087
glas	24.63636364
glissade	94.15789474
glissière	66.16666667
globe	90.5
globule	84.85714286
glotte	31.26315789
goéland	89.35
gonflement	81.80952381
gorgée	83.04761905
gorille	91
goudron	81.5
gouffre	84.42857143
gourmet	80.77272727
goût	93.93333333
goûter	90
gouttelette	79.77272727
gouvernail	75.33333333
gouvernante	76.5
gradient	60.38095238
gradin	83.04545455
graffiti	89.16666667
graissage	70.40909091
grammaire	87.38095238
grandeur	91.55
grange	84.42105263
granit	67.61904762
granule	73.52631579
graphique	84.40909091
graphisme	80.31818182
gratitude	90.45
gravier	85.125
gravité	86.11764706
gravure	86.13636364
grec	83.09090909
grenade	85.36842105
grenat	17.31578947
grenouille	92.85
grief	57.85714286
griffe	91.2
gril	63.625
grill	87.05
grillage	87.08333333
grille	81.75
grille-pain	97.15789474
grillon	58.91304348
grimace	90.18181818
grog	28.04545455
grognement	92.42105263
grondement	87.40909091
grossesse	91.26315789
grosseur	93.42857143
grotte	82.86363636
groupe	93.68181818
groupement	79.9047619
grue	88.26315789
gruyère	68.78947368
guerre	96
gueule	91
guichet	89.68421053
guidon	86.16666667
guillemet	80.26315789
guillotine	76.57894737
guimauve	89.18181818
guise	48.68421053
guitare	94.81818182
gymnaste	87.95454545
gynécologie	84.13636364
habit	86.23809524
habitacle	71.33333333
habitation	90.375
habitude	84.84210526
hache	69.85714286
hachoir	81.31818182
haie	64.42105263
haine	89.47368421
haleine	93.19047619
haltère	83.52380952
hamac	87.95833333
hamburger	93.77272727
hameçon	88
hanche	95.26315789
hangar	73.72727273
harcèlement	92.09090909
hardes	18.6
harem	74.76190476
harmonica	89.89473684
harmonie	85.33333333
harnais	79.89473684
harpe	84.22727273
hasard	93.81818182
hâte	84.15789474
haussement	71.47619048
hautbois	46.95454545
hébergement	84.19047619
hélice	83.375
hémisphère	92.42857143
herbe	93.36363636
hérisson	83.86956522
héritage	92.52631579
héritier	86.57142857
hermine	27
hernie	73.5
héros	91.68181818
herse	16.625
hésitation	90.15789474
hêtre	39.84210526
heurt	48.72727273
hibou	90.45833333
hic	61.95238095
hiérarchie	91.70833333
hiéroglyphe	59.9
hindouisme	75.77272727
hippocampe	85.95454545
hippopotame	89.57894737
hirondelle	86.14285714
histoire	91.0952381
historienne	86.36842105
historique	91.5625
hochet	71.11111111
hockey	93.0952381
homard	89.04545455
hommage	85.8125
honneur	89.80952381
honte	90.04761905
hôpital	92.95454545
hoquet	73.68421053
horizon	90.8
horloge	89.26315789
hormone	91.82608696
horoscope	85.59090909
horreur	87.2
hostilité	86
hotdog	95.52631579
hotte	82.04545455
houille	26.5
huard	66.31818182
hublot	83
huée	68.31578947
huître	91.31578947
humanité	91
humeur	89.22727273
humiliation	89.35294118
humilité	82.875
humour	91.25
hune	13.9047619
hurlement	92.78947368
hyène	71.66666667
hypothèse	88.63636364
iceberg	89.70588235
identification	89.31578947
identité	93.22727273
if	37.86363636
igloo	86.125
ignominie	27.47368421
ignorance	83.15
iguane	83.40909091
illustration	84.42105263
îlot	80.75
image	93.04545455
imagerie	86.27272727
imitation	88.70588235
immensité	88.04545455
immeuble	92.09090909
immobilité	86.95833333
immuabilité	43.27272727
impact	81.31578947
impatience	94.15
implantation	81.36842105
impossibilité	79.42857143
impossible	90.75
imposteur	89.45454545
imposture	73.54545455
impôt	92
impression	93.7
imprimante	91.84210526
imprimerie	86.85
impuissance	82.11764706
impulsion	87.31818182
incendie	93.04545455
incertitude	90.16666667
inceste	85.84210526
incident	86.16666667
incision	86.83333333
inclination	72.8
inconnu	83.68181818
inconvénient	87.63157895
incorporation	74.11764706
incrustation	68.05
inculpé	71.22222222
incursion	70.31818182
index	93.21052632
indication	86.95238095
indice	78.33333333
indien	89.40909091
indifférence	91.9047619
indignation	65.78947368
individu	92
indulgence	84.31818182
industrie	94
inertie	56.36363636
infarctus	79.08333333
infection	86.94736842
infertilité	88.9
infidélité	90.38095238
infinité	91.71428571
infirmier	91.66666667
infirmité	77.08333333
influence	85.42857143
influx	57
ingénieur	84
ingrédient	89.45454545
initiation	88.68421053
initiative	93.78947368
injection	88.68421053
injure	81.22727273
innocence	90.57894737
innovation	84.95454545
inoccupé	84.66666667
inquiétude	93.25
inscription	81.81818182
insecte	92.35
insecticide	87.14285714
insémination	68.5
insertion	85.73333333
insistance	85.5
inspecteur	79.5
inspection	89.83333333
inspiration	83.45454545
installation	87.22727273
instant	88
instinct	86
institut	83.63157895
instituteur	77.31818182
instruction	87.5
instrument	90.10526316
insuline	68.19047619
insulte	88.75
intégration	88
intelligence	92.47368421
intensité	81.84210526
interaction	82.22222222
intérêt	92.78947368
interlocuteur	78.33333333
interprétation	83.94736842
interrogation	87.54545455
intervalle	84.66666667
intervenant	90.22727273
intervention	88.76190476
intimidation	90.27272727
intimité	89.68421053
intrigue	81.85714286
introduction	92.375
intuition	89.47368421
invasion	83.16666667
invention	95.5
inverse	88.5
investissement	91.2173913
invitation	92.08333333
invité	92.2
invitée	89.4375
ironie	87.23529412
irruption	81.45
isolement	93.42857143
issue	80.86363636
ivoire	83.45454545
ivresse	83.13636364
jacquard	27.09090909
jaguar	87.95238095
jalon	41.9047619
jambe	95.33333333
jambon	90.29411765
janvier	94.7826087
jardin	90.72727273
jardinier	93.04761905
jargon	78.13636364
jarre	44.80952381
javelot	73.16666667
jazz	93.04166667
jet	86.83333333
jetée	71.36842105
jeton	82.89473684
jeudi	95.33333333
jeunesse	89.38095238
jonction	69.18181818
joueur	95.68421053
joueuse	83.88888889
jouissance	88.52380952
journal	94.21052632
journaliste	95.15789474
joyau	85.20833333
juillet	96.66666667
juke-box	78.36363636
jumelles	96
jument	87.26315789
juré	68.66666667
juron	86.95238095
jury	85.09090909
jus	96.80952381
justesse	93.27272727
justice	90.3
justification	84.47619048
kangourou	83.71428571
kayak	92.25
képi	33.59090909
kermesse	42.29166667
kérosène	43.21052632
kiosque	90.75
kir	31.75
kiwi	94.86363636
klaxon	95.36842105
koala	93
krill	23.88888889
laboratoire	92.45454545
labyrinthe	94.45833333
lâcheté	88.20833333
lacune	74.8
laideur	90.52631579
laie	4.5
laine	92.14285714
laitier	84.45
lama	85.05
lambeau	61.77777778
lame	90.9047619
lamelle	69.57142857
lampadaire	92.875
lampe	96.375
lance-pierres	80.66666667
lancement	78.84210526
lancer	92.38095238
landau	49.27272727
languette	71.9047619
lanterne	84.65
lapin	95.125
lapsus	86.81818182
laque	37.47368421
largeur	88
larme	89.76190476
lassitude	68.88235294
lasso	75.83333333
latte	76.45
lauréat	81.27272727
laurier	68
lavabo	95.18181818
lavage	95.52631579
leçon	90.59090909
lecteur	94.84210526
lecture	85.13636364
légalité	92.875
légende	93.68181818
législation	72.47619048
légume	96.875
lemme	7.3125
lenteur	92.09090909
lentille	87.86363636
léopard	85.31818182
lèpre	71.35294118
lésion	89.31578947
lettre	96.45454545
leurre	60.05263158
levée	78
lever	85.21052632
levier	83.79166667
lèvre	93.22727273
lèvres	95.22727273
levure	77.90909091
lexique	85.52631579
lézard	89.23529412
liage	50.29166667
liaison	83
libellule	90.14285714
libération	89.73684211
liberté	95.04761905
libraire	94.22222222
licorne	85.5
liège	54.84210526
lien	83.18181818
lierre	36
lièvre	84.80952381
ligament	81.71428571
ligne	89.78947368
lilas	91.375
limace	88.94117647
limande	15.82352941
limite	90.20833333
limonade	93.09090909
limousine	82.36842105
lingerie	93.66666667
linguistique	83.25
lion	85.70833333
lionceau	84.14285714
lionne	88.15
liqueur	88.58823529
liquide	93.75
lisière	56.47619048
litière	86.52941176
livre	97.38095238
livret	82.23809524
local	89.57894737
location	95.86363636
locomotive	88.35
locution	58.36842105
logement	93.11764706
logiciel	86.63636364
logis	79
loin	93.75
loisir	95.85714286
longueur	96.45454545
losange	87.14285714
lotion	88.8
louange	78.70588235
loup	92.09090909
loutre	86.40909091
louveteau	68.45454545
loyauté	93.66666667
loyer	89.3
lubie	27.72727273
lubrifiant	85.75
lubrification	87.0625
lucarne	39.9375
lucidité	69.7
luge	84.28571429
lumière	97.40909091
lunch	95.72727273
lundi	94.73684211
lune	94.95833333
lunette	85.9047619
lunettes	97.18181818
luth	25.04545455
lutin	79.80952381
lutte	89.47619048
lutteur	87.75
lynx	80.76470588
lyrisme	44.14285714
macaron	93
macaroni	83.82352941
machine	88
maçon	66.13636364
magasin	92.45454545
magazine	88.5
magie	86.52631579
magnétophone	78.25
maille	81.09090909
maillet	34.42105263
maillon	69.52631579
main	95.04545455
mainmise	43.23809524
maintien	86.83333333
mairie	77.52380952
maïs	86.63157895
maison	92.90909091
maisonnette	83.77272727
maîtrise	89.66666667
majesté	82.81818182
majorité	92.66666667
malade	92.94736842
maladie	92.42857143
maladresse	86.47619048
malaise	80.8
malentendu	85.6875
malheur	90.31578947
malice	78.33333333
malle	65.15
mallette	73.72727273
maman	94.89473684
mamelle	83.47619048
mamelon	93.04761905
mammouth	61
mandat	79.57142857
mandoline	64.57142857
manège	89.57142857
manette	90.95
manie	76.47368421
manifestation	84.33333333
manivelle	68.28571429
manoeuvre	86.04166667
manoir	85.13636364
manuel	87.89473684
mappemonde	71.68181818
maquillage	91.2
maracas	81.04166667
marais	81.05
marathon	90.95833333
marcassin	13.85714286
marchandise	91.125
marché	89.33333333
mardi	95.375
marécage	26.55555556
maréchal	55.72727273
marée	86.16666667
marelle	78.95454545
margarine	93.76190476
marguerite	88.1
mari	87.94736842
mariage	88.55555556
marine	82.68421053
marmelade	82.63157895
marmite	86.58333333
marmotte	85.89473684
marquis	44.5
marron	84.29411765
marteau	95.73684211
massage	94.2
masse	85.40909091
massif	87.33333333
matelas	91.54545455
matériau	87
matinée	96.45454545
matou	72.04545455
matrice	77.91666667
maturité	95.42857143
mécanique	80.52631579
méchanceté	92.2
médaille	93.22727273
médaillon	88.78947368
médecin	96.10526316
médecine	89.91666667
médiante	33.0952381
méditation	87.81818182
méduse	86.75
méfait	80.81818182
méfiance	91
mégot	87.47619048
mélancolie	88.95833333
mélange	92.57894737
mélangeur	87
mélasse	87.28571429
mélèze	26.77272727
melon	90.5
menace	88.77272727
ménage	95.31818182
menhir	33.94736842
menotte	85.85
mensonge	90.91666667
mention	80.85714286
menton	95.21052632
menu	96.38095238
mépris	85.55
mer	95.68181818
merci	93.05263158
mercredi	96.5
merde	92.88888889
merisier	37
mérite	91.36363636
merle	78.68181818
merveille	92.125
mésange	71.42857143
mésaventure	93.31818182
mésencéphale	47.9
message	96.36842105
mesure	83.64705882
métabolisme	83.1
métaphore	84.77272727
météo	92.26315789
méthode	88.47368421
meuglement	40.15789474
meunier	47.75
meute	74.47368421
microbe	91.47368421
microscope	88.42105263
midi	95.94736842
miel	96.95
migration	84.66666667
milieu	88.45
militaire	89.58333333
mille	93.42857143
minéral	85.42105263
ministère	82.15789474
ministre	90.18181818
minorité	89.68181818
minuit	95.54545455
miracle	85.08333333
mirage	80.45454545
miroir	92.59090909
mission	93.14285714
missionnaire	78.68181818
mite	60.3
mitraillette	88.625
mitrailleuse	84.85
mixage	76.15789474
mixité	79.68421053
mobile	91.125
mobilier	87.66666667
mobilisation	89.16666667
modalité	79.45833333
mode	87.65
modestie	91.66666667
modification	89.78947368
module	85.23809524
moelle	77.78947368
moi	94.94736842
moine	76.68421053
moisson	59.95
molaire	87.70833333
molécule	76.72727273
mollet	92.0952381
mollusque	85.04545455
momie	84.42857143
monarchie	76.29411765
monastère	85.58333333
moniteur	86.25
monnaie	90.13636364
monologue	85.27272727
monopole	85.15
montage	91.36363636
montagne	93.15789474
montant	93.84210526
monte-pente	79.52631579
montgolfière	84.31818182
monticule	57.63157895
montre	89.76190476
monture	87.95833333
monument	87.15
moquette	83.52941176
moral	90.91304348
morale	86.71428571
moralité	83.95
morceau	88.95238095
morosité	68.21052632
mors	38.9375
morsure	76.68421053
mort	89.68181818
mortier	70
morue	72.66666667
mot	95.4375
motard	85.09090909
motel	90.9047619
moteur	82.57894737
motif	87.28571429
motion	63.56521739
motivation	94.52631579
moto	93.72727273
motte	37.05263158
mouche	95.71428571
moucheron	56.66666667
mouette	88.75
moule	89.33333333
moulin	87.22727273
moulinet	60.41666667
moulure	80
mousquetaire	74
mousse	95.80952381
moustache	95.19047619
moustique	96.5
mouton	92.47058824
mouvement	84
moyen	89.18181818
moyenne	90.81818182
moyeu	17.57142857
muguet	67.54545455
mulet	69.68181818
mulot	75.52380952
multiple	92
multiplication	92
multitude	88.68181818
municipalité	88.95454545
mur	92.9047619
muraille	90.20833333
mûre	87.72727273
muret	65.68421053
murmure	86.86363636
musaraigne	24.8125
musc	38.45454545
museau	87.77272727
musée	91.68181818
muselière	72.4
musicien	93.21052632
mutation	73.86363636
mutisme	75.61904762
mycose	42.13636364
myope	86.18181818
mystère	83.89473684
mythe	87.14285714
nage	95.10526316
nageur	91.52173913
nain	84.38095238
naïveté	95
narration	89.04761905
nasillement	19.42105263
nation	86.94117647
natte	49.27272727
naufrage	79.42857143
navet	92.90909091
navette	88.84210526
navigateur	90.72727273
navigation	90.04761905
navire	90.05882353
néant	78.76190476
nécessité	86.45833333
nef	12.86666667
négatif	97.04545455
négation	88.66666667
négociation	82.75
nerf	88.54166667
nervosité	88.42857143
netteté	85
neutralité	85.95238095
neveu	91.71428571
niais	48.27777778
niche	88.61111111
nicotine	88.88235294
nid	83.94736842
niveau	85.6
noblesse	87.83333333
noce	92.31578947
noeud	89.4
noir	96.76190476
noisette	89.35294118
noix	95.52631579
nombril	95.77272727
nonne	62.09090909
norme	91.31818182
notion	89.33333333
nougat	83.68181818
nourrisson	93.42105263
nourriture	93.15789474
nouveauté	89.88888889
nouvelle	90.29166667
novembre	91.83333333
noyau	89.27272727
nu	96.86363636
nuage	96.26315789
nue	91.31578947
nuitée	82.54166667
nul	92.25
numéro	91.66666667
nylon	80.71428571
oasis	77.33333333
obéissance	87.4
objectif	92.5
objection	82.19047619
objectivité	88.35
objet	98.2
obligation	94.27272727
obscénité	39.09090909
obscurcissement	67.375
obscurité	90.66666667
observation	90.58333333
obsession	82.27272727
obstacle	93.59090909
obus	56.54545455
occasion	95.27272727
océan	92.10526316
octave	65.66666667
octet	73.77777778
octobre	92.31578947
octroi	59
odeur	93.77272727
odorat	94.61904762
oedème	30.89473684
oeil	93.45454545
oestrogène	71.05263158
oeuf	95.5
offense	85.40909091
officier	91.26315789
oie	90.28571429
oignon	90.68181818
oiseau	93.55
olfaction	85.33333333
olive	94.57894737
olivier	89.27272727
ombrage	81.22727273
ombre	88.58823529
oncle	96.1875
onctuosité	77.09090909
ongle	96.42857143
onguent	71
opéra	85.23809524
opérateur	83.9
opercule	16.95454545
opinion	89.33333333
opportunité	86.04166667
opposition	91.59090909
optimisme	86.94736842
or	90.89473684
orange	98.05263158
orchestre	87.83333333
ordinaire	94.21052632
ordinateur	96.27272727
ordonnance	84.86363636
ordre	91.75
ordure	92.81818182
oreiller	93.875
organisateur	91.4375
organisation	91.10526316
organisme	82.61904762
orgue	81.94117647
orgueil	90.45833333
orientation	91
orifice	71.57142857
origine	86.04761905
ornement	81.31818182
ornière	29
ornithorynque	64.26315789
orteil	95.18181818
orthographe	92.6875
ossature	74.71428571
osselet	52.66666667
otage	84.125
ouate	84.09090909
oubli	91.66666667
ouragan	79.31578947
ourlet	55.63157895
ourson	89.17647059
outil	87.42857143
ouverture	90.52380952
ouvrage	85.81818182
ovule	88.94736842
oxygénation	75.35
pacotille	52.5
page	90.47058824
paiement	88.13636364
paille	94
paillis	44.66666667
pain	94.61904762
palace	86.15
palais	87.1
pâleur	80.57894737
palier	83.45833333
palissade	57.25
palme	73.63157895
palmier	81.94736842
panache	56.16666667
panda	95.31578947
panneau	87
panthère	89.40909091
pantoufle	95.15
paon	68.31578947
papa	98.57894737
pape	90
papillon	95.10526316
paquet	87.42857143
parachute	85.19047619
parade	91.14285714
paradoxe	82.76190476
paragraphe	93.9047619
paramètre	86.18181818
parapluie	95.47619048
parasite	86.57894737
parasol	91.19047619
paratonnerre	79.0952381
parc	94.89473684
parcours	88.52380952
pardon	91.09090909
pare-chocs	90
pareil	84
parenté	89.42105263
parenthèse	95.22727273
paresse	90.54166667
paresseux	91.28571429
parfum	92.57894737
pari	84.22222222
parlement	89.29166667
parloir	51.91666667
parodie	89.78947368
paroi	85.10526316
partage	94
partenaire	94.27272727
partenariat	89.86666667
parterre	75.47368421
parti	85.09090909
participant	90.26086957
participation	89.31578947
participe	86.15789474
partie	90.5
passage	91.04166667
passager	90.18181818
passant	83.90909091
passeport	92.375
passion	93.79166667
passoire	88.0952381
pastèque	76.65
pastille	89.05263158
patate	97.28571429
pâté	89.91666667
patience	92.84210526
patient	94.57894737
patin	93.79166667
patinage	84.91666667
pâtisserie	95.13333333
pâtre	18.85714286
patrie	64.19047619
patrimoine	85.6
patron	91.05263158
patrouille	86.5
patte	92.83333333
paume	91.59090909
paupière	90.22727273
pavillon	90.3
paysan	93.3
pêcheur	90.52631579
pédalo	89.66666667
peigne	90.68421053
peine	84.78947368
peintre	90.29166667
pelage	78.68181818
pélican	90.8125
pelle	83.04545455
pelote	60.41666667
peloton	67.33333333
pelouse	80.82352941
pelure	87.5
pelvis	55.94736842
penchant	83.58333333
pendentif	84.17647059
pendule	86.27272727
pénétration	88
péniche	22.63157895
péninsule	73.61904762
pénitencier	86.66666667
pension	82.15
pensionnat	84.22222222
pénurie	90.57142857
pépin	89.77272727
pépinière	80.27272727
perception	92.5
perchoir	71.25
perdrix	68.75
perfection	90.25
performance	94
perfusion	53.7
péril	91.54545455
périphérie	81.72727273
permanence	82
permis	82.5
permission	89.5
perron	67.72727273
perroquet	94.375
perruche	79.89473684
perruque	84.14285714
persil	90.875
personnalité	88.81818182
personne	90.89473684
perspective	87
peste	73
pétale	92.75
pétard	85.78947368
petit	98.09090909
pétition	90.77272727
pétrole	90.95454545
phalange	57.59090909
phantasme	54.09090909
philatélie	14.63636364
phobie	90.54545455
photo	96.04761905
photographie	94
pianiste	94.14285714
piano	97.54545455
pichet	85.21052632
pied	96.73684211
piège	89.91666667
pierre	91.33333333
piété	39.77272727
pif	56.63636364
pige	80.15789474
pignon	64.43478261
pilier	89.05882353
pillage	56.68181818
pilon	74.77272727
pilote	91.17647059
pilule	89
piment	94.8
pin	81
pinceau	85.57894737
pincée	84.77272727
ping-pong	96.18181818
pingouin	96.40909091
pinson	62.86363636
pinte	81.9047619
piolet	15.18181818
pion	86.71428571
pipe	91.23809524
piquant	94.27272727
piquet	74.70833333
piqûre	84
piratage	82.58333333
pirate	88.23529412
pirouette	84.2
pissenlit	91.94736842
pistolet	87.76470588
piston	51
pitié	88.21052632
pizza	94.42857143
pizzeria	91.80952381
place	93
placement	84.36363636
plagiat	92.66666667
plaine	84.3125
plaisanterie	92.53333333
planification	91.21052632
plaque	87.5
plaquette	76.7
plastique	92.61111111
platane	21.08333333
plénitude	61.9047619
pleur	93.78947368
pleurs	87.68181818
plomb	69.31578947
plongeon	88.81818182
plongeur	87.29411765
pluie	95.5
plumage	89.18181818
plume	96.8
pluriel	89.8
pochette	87.85714286
poésie	88.9047619
poignard	79.73684211
poignée	92.08695652
poinçon	71.91666667
poing	93.57142857
pointage	88.0952381
pointe	88.81818182
pointure	79.84210526
poire	95.0952381
poireau	82
poison	90.26315789
poisson	93.83333333
poitrine	91.5
poivre	91.31578947
poivron	94.5
polissage	79.40909091
polisseuse	58.31818182
politesse	92.33333333
politique	84.52631579
pollen	85.16666667
pollution	91.21052632
polyvalence	83.19047619
pomme	90.52631579
pomme de terre	92.52631579
pommette	78.2173913
pompon	72.5
poney	81.66666667
pont-levis	36.47619048
population	88.86363636
porc	93.31818182
porche	80.77272727
portail	81.95
porte	95.94736842
portée	86.94736842
porteur	83.26315789
portier	82.20833333
portion	90.36363636
portrait	87.35
pose	75.1
position	87.28571429
possibilité	89.05263158
possible	93.09090909
poste	90.83333333
potage	87.80952381
potager	89.54166667
poterie	81.7
potin	91.5
potiron	46.95238095
pou	72.85714286
pouding	78.16666667
poudre	91.875
pouf	78.71428571
poulailler	91.76190476
poulain	75.45833333
poule	93.77272727
poulet	95.18181818
poulie	74.28571429
poulpe	58.57142857
poumon	92.42857143
poupon	83.625
pourboire	93
pourcentage	94.27272727
poursuite	88.45454545
poussée	84.84210526
poussette	90.94736842
poussin	92.31578947
poutre	57.59090909
pouvoir	86.61904762
prairie	93.72727273
praline	65.61904762
préavis	80.47619048
précaution	84.45454545
précepte	35.63157895
précipité	83.38095238
précis	88.63636364
précision	89.04761905
prédicat	26.71428571
prédiction	75.57142857
préface	75.33333333
préférence	93.61904762
préfet	46.19047619
préjugé	89.6875
prélude	56
premier	95.36842105
prémisse	65.375
prénommé	73.26315789
préoccupation	89.84210526
préparation	91.82352941
préposition	62.3
présent	90.1
présentation	88.15789474
présentoir	81.52631579
président	87.3
pressentiment	88.27272727
pression	93.73684211
prestation	87.2
prestige	84.5
prétention	86.16666667
prétexte	84.47058824
preuve	90.125
prévention	95.22727273
prière	92.90909091
princesse	91.04761905
principe	84.9047619
priorité	94.5
privilège	89.15
prix	95.71428571
probabilité	85.45
procédé	88.38095238
procédure	89.36842105
procès	86.5
procession	62.63157895
processus	89.73684211
procréation	85.125
procureur	72.47058824
producteur	90.125
production	89.04545455
produit	93.16666667
professeur	91.66666667
professeure	92.95833333
profil	89.80952381
programmation	86.09090909
progrès	94.42857143
progression	88.36363636
projectile	67.54545455
projection	85.63157895
promesse	91.90909091
promotion	90.14285714
pronom	90.6875
propagande	87.36842105
prophète	75.84210526
proportion	88.31818182
propos	87.17647059
proposition	90.5
propre	92.38095238
propriétaire	86.33333333
propulseur	71.38095238
protestation	83.375
protocole	89.36842105
prototype	82.45454545
proverbe	85.90909091
province	94.59090909
provision	86.46666667
proximité	92.68181818
prude	69.70833333
prudence	91.63636364
prune	89.09090909
pruneau	92.63157895
prunier	78.68181818
puberté	84.31578947
publication	89.95833333
pudeur	81
puissance	87.6
puits	81.05
pull-over	72
pulsion	75.05
punition	91.33333333
pupille	86.5
pupitre	93.45454545
purée	93.59090909
purgatoire	64
pus	60.95454545
puzzle	94.15789474
pylône	41.45454545
pyramide	90.04545455
python	72.75
quadrupède	72.5
qualification	88.31818182
qualité	84.68181818
quantité	92.20833333
querelle	93.63636364
question	90.35
quille	87
quota	73.59090909
rabâchage	10.8
rabais	93.66666667
rabot	22.25
rachat	69.04166667
racine	92.52380952
raclée	86.22727273
radeau	75.42105263
radio	90
radioguidage	35.5
rafale	78.7
ragoût	77.125
raid	64.75
raideur	84.90909091
raie	88.93333333
rail	91.83333333
raisin	96.47619048
raison	89.94117647
rallye	75.19047619
rame	80.36842105
rameau	40.77272727
rançon	74.0952381
rancune	76.61904762
randonnée	92.31578947
rappel	83.11764706
rapport	91.5625
rapt	16.95454545
rareté	91.72727273
rasage	90.39130435
rasoir	93.66666667
rat	87.4
râteau	84.85714286
ration	60.8
raton	90.04761905
ravage	82.625
ravin	59.05263158
rayon	86.15789474
rayure	86.33333333
réaction	94.3
réalisation	86.42105263
réalisme	82.52941176
réalité	88.70833333
rébellion	73.47058824
rebond	81.33333333
recel	31.31818182
réception	90.59090909
recette	97
recherche	89.6
récipient	88.85714286
réciprocité	87.23809524
récit	84.26315789
réclamation	89.54166667
récolte	81.38888889
recommandation	86.13636364
récompense	92.57142857
reconnaissance	86.77777778
recourbure	57.3125
recours	79.78947368
recrue	92
recrutement	92.45454545
recteur	64.90909091
reçu	90.26315789
recul	87.88235294
rédaction	91.52631579
réduit	87
référence	88.22222222
reflet	88.84210526
réflexe	89.83333333
réflexion	92.41666667
réforme	85.23809524
refrain	87.54545455
réfrigérateur	93.26315789
refuge	84.13636364
refus	92.36842105
régal	79.04545455
régiment	71.86363636
région	84.76470588
registre	79.15
réglage	85.36363636
règlement	83.5
réglementation	83.72222222
règles	92.27777778
regret	87.90909091
rejet	76.625
relais	80
relativité	76.83333333
relaxation	91.09090909
relevé	90
relève	85.36842105
relief	83.14285714
religion	91.38095238
reliure	84.57894737
remboîtage	51.90909091
remerciement	97
remise	83.75
remords	81.85714286
remorqueur	88.5
remoulage	59
remous	69.95454545
rempart	61.14285714
remplacement	88.21052632
rémunération	86.21052632
renaissance	83.54166667
renard	92.625
rencontre	92.18181818
rendement	87.18181818
renfort	82.19047619
renne	80.95454545
renom	66.19047619
renseignement	88.21052632
rentrée	92.16666667
renvoi	84.25
réparation	88.57142857
répartition	83.22222222
repas	92.75
répertoire	87.125
répéteur	53.47619048
répétition	92.63157895
répit	78.19047619
repli	61.95454545
réplique	89.73333333
reporter	88.16666667
repos	88.91666667
représentant	89.33333333
reprise	81.41666667
reproche	88.16666667
république	81.54545455
réputation	91.31578947
requête	79.63636364
requin	89.59090909
réseau	91.68421053
réservation	83.14285714
réserve	88.40909091
réservoir	87.63636364
résidence	85.90909091
résine	77
résolution	90.28571429
respiration	95.18181818
ressemblance	95.66666667
ressort	89.70588235
ressource	85.57142857
restaurant	92.25
restauration	91.45454545
reste	87.875
résumé	94.23809524
retard	91.75
rétention	83.08333333
retentissement	73.52380952
retenue	78.10526316
rétine	76.16666667
retour	87.77272727
retrait	86.15789474
rétroprojecteur	73.66666667
rets	20.54545455
revanche	92.54545455
réveil	93.4375
révélation	85.94736842
réverbère	60.57142857
révérence	66.375
rêverie	90.25
révision	92.66666667
révolte	87.58333333
révolution	88.31818182
revolver	83.57894737
revue	94.86363636
rhinocéros	84.54166667
ride	87.36363636
rideau	93.78947368
rien	89.73913043
rigole	77.28571429
rigueur	81.57142857
rires	94
risée	71.40909091
rituel	83.04545455
rival	92.23809524
rivalité	87.57142857
rizière	52.625
robinet	94.42105263
robot	90.91666667
roche	93.04761905
rocher	93.45
rôle	95.63636364
romancier	79
romanichel	21.95454545
romantisme	92.52631579
rondelle	82.65
rondin	47.81818182
roquette	78.75
rose	93.90909091
rosée	86.95238095
rosette	74.33333333
rossignol	72.5
rotule	70.04761905
roue	96.57894737
rouet	36.31578947
rougeur	95.27272727
rouleau	93.09090909
roulement	79.3
roulotte	89.95454545
route	95
royaume	82.23809524
ruade	40.5
ruban	92
rubis	80.64705882
rubrique	73.65
ruche	88.75
rudesse	76.4375
ruelle	91.25
ruisseau	91.40909091
rumeur	87.61904762
rupture	88.3
rythme	91.05
sable	90.04545455
sablier	85.66666667
sabotage	71.45
sac	93
sachet	86.75
sacoche	91.78947368
sacrifice	92.22727273
sadisme	85.23809524
sagesse	91.83333333
saisie	77.05263158
saison	95.40909091
saisonnier	92.375
salarié	87.35
salière	88.25
salive	90.84210526
salon	94
salut	97.31578947
salutation	90.11764706
sanction	89.18181818
sanctuaire	84.45454545
sandwich	96.66666667
sang	93.35294118
sanglier	87.40909091
sanglot	88.65
sapin	91.66666667
sapinière	62.5
sardine	91.94736842
satellite	80.78947368
satire	55.14285714
saucisse	95.3
saucisson	95.80952381
saule	67.05
saumon	93.91666667
sauterelle	90.54545455
sauvage	93.54545455
savane	79.42857143
saveur	89.1
sbire	16.04545455
scalp	53.76190476
scalpel	58.35
scandale	89.8
scaphandrier	34.78947368
scarabée	79.76470588
sceau	77.5
scellage	52.10526316
scénario	86.36363636
schéma	85.14285714
scie	94.0952381
science	90.1
scientifique	92.54166667
scission	38.5
scorpion	90.25
scoutisme	77.47619048
scrupule	69.47619048
scrutin	71.33333333
sculpture	86.8
sécateur	56.16666667
séchage	86
sécheresse	88.91666667
sécheuse	90.5
séchoir	89
secours	93.75
secousse	85.15789474
secret	91.52380952
secrétaire	96.45454545
secrétariat	89.81818182
section	80.0952381
séducteur	88.68421053
séduction	94.95238095
seigneur	84.76190476
sein	92.35
séjour	90.1875
sel	96.94736842
sélection	91.42105263
selle	78.09090909
sellier	48.15
semelle	80.77272727
semence	84.58823529
séminaire	79.05
semonce	15.31818182
sénat	68.66666667
sénateur	80.72727273
sens	86.8
sensibilité	91
senteur	90.05
sentiment	88.44444444
sentinelle	72.13636364
séparation	91.95454545
sept	94.54166667
septembre	94.5
séquence	84.68421053
sérénité	82.27272727
sérieux	97.04545455
serin	67.47619048
seringue	86.40909091
serment	80.57142857
sermon	82.80952381
serpe	40.40909091
serpent	90.75
serre	75.6
serre-joints	44.45454545
sérum	80.64705882
serviteur	80.83333333
servitude	68.81818182
session	89.52173913
sévérité	80.16666667
sexe	91.20833333
sextant	29.75
shampooing	90.3
siamois	88.47619048
sifflement	83.66666667
signal	90.0952381
signature	93
silencieux	88.57894737
silhouette	81.4
sillage	54.35294118
sillon	45.59090909
silo	58.85
simplicité	93.09090909
simulation	94.13636364
sincérité	92.16666667
singe	92.52380952
sinistre	76.80952381
sirène	92.59090909
sirop	91.36363636
site	85.45
situation	83.59090909
six	94.22727273
skieuse	92.47619048
snob	83.66666667
soeurette	90.47619048
sofa	94.84210526
soif	91.33333333
sol	89.35
sole	66.13636364
soleil	91.72727273
solidarité	93.80952381
solidité	90.10526316
solitaire	89.52941176
solitude	92.5
solution	91
solvabilité	65.52941176
sombrero	77.77272727
sommaire	83.0952381
somme	89.625
sommeil	97
sommier	64.11111111
somnambule	87.9
son	94.25
sonate	39.57142857
sondage	95.22727273
songe	73.76190476
sonnerie	94
sonnette	91.52380952
sonorité	86.68421053
sorbet	88.125
sorcier	90.91666667
sorte	81.70833333
sortie	93.68181818
sottise	84.22727273
soucoupe	80.6
soudure	80.18181818
souffle	90
soufflé	82.19047619
souhait	92.20833333
soulagement	88.04166667
soulèvement	80.38888889
soulier	92.04166667
soumission	87.15789474
soupape	40.63636364
soupçon	85.47619048
soupe	91.38095238
soupir	89.13636364
souplesse	92.21052632
sourcil	97.14285714
sourd-muet	84.95833333
sourire	96.4375
souris	90.10526316
soutane	47.26315789
soute	41
souterrain	88.27272727
soutien	89.90909091
souvenirs	91.54545455
spaghetti	93
sparadrap	34.04545455
spatule	89.23809524
spécialiste	85.42857143
spécialité	85.33333333
spécification	82.04166667
spécimen	88.45454545
spectacle	96.72727273
spectateur	90.72727273
sperme	94.5
sphinx	77.13636364
spirale	86.16666667
splendeur	76.89473684
spontanéité	94.33333333
spore	32.85714286
squelette	96.77272727
stade	87.72727273
stage	84.68181818
stalactite	42.25
standard	85.42857143
station	89.33333333
statistique	87.95454545
stature	57.71428571
statut	95.04545455
steak	93.15789474
stèle	36.22727273
stéthoscope	77.38095238
stimulant	89
stimulation	89.21052632
stimulus	75.93333333
stratégie	87.04545455
stress	94.3
structure	90.95
studio	89.81818182
stupéfiant	88.71428571
stupeur	70.40909091
stylo	95.16666667
submersion	64.84210526
substance	84.41666667
subvention	90.40909091
succès	95.95238095
succession	86.0952381
sucette	91.57142857
sucre	95.80952381
sucrerie	93.94736842
sucrier	85.16666667
suédois	79.88888889
suffixe	63
suggestion	92.2
suif	39.5
sujet	93.63636364
sumo	76.04545455
supercherie	64
supériorité	89.91666667
supplément	84.14285714
supplice	78.95454545
support	87.68421053
supposition	90.4
surdité	85.83333333
sûreté	87.54166667
surplus	88.25
surprise	95.66666667
sursaut	88.33333333
surveillance	89.26315789
survie	90.89473684
survol	91.59090909
suspens	81.84210526
suspension	82.14285714
syllabe	84.26315789
symétrie	92.95454545
sympathie	87.23809524
syndicat	89.79166667
synonyme	90.77777778
synthèse	82.59090909
tabassée	78.63636364
tabatière	29.84210526
table	95
tablette	90.375
tabou	88.20833333
tache	90.27272727
tact	79.47619048
talent	89.90909091
talisman	47.625
talon	93.63157895
talus	36.6
tam-tam	92.40909091
tambour	88
tamis	65.05263158
tampon	87.95833333
tante	91
taon	43
tapioca	64.59090909
tapisserie	91.75
tarif	87.36363636
tartare	86.66666667
tas	64.63157895
tasse	95.68421053
tatou	89.5
taudis	76.91666667
taupe	81.78947368
taureau	78.44444444
taxi	92.71428571
technicien	90.4
technique	93.81818182
technologie	92.09090909
teinte	84.52380952
tek	18.52380952
télégramme	58.94444444
téléphone	93.2
télescope	89.65
téléspectateur	91.5
téléviseur	94.33333333
témoignage	81.72222222
tempérament	83.36363636
température	90.83333333
tempête	88.10526316
tempo	84.5
temporalité	63
ténacité	83.79166667
tendance	87.68421053
tendon	74.375
tendresse	91.66666667
ténèbres	82.25
tension	89.52380952
tentacule	79.52631579
tentation	96.31818182
tente	89.95833333
tenue	81.22727273
terminal	84.95454545
terminus	89.58823529
terrasse	95.72727273
terreur	83.57142857
terrier	74.4
terrorisme	93.63157895
testament	84.42105263
testostérone	86.52380952
têtard	75.63636364
tête	94.95238095
tétine	82
thé	98.31818182
thème	88.80952381
thermomètre	88.19047619
thermos	93.19047619
thermostat	90.04761905
thyroïde	72.70833333
tibia	78.68421053
ticket	92.6875
tige	89.13636364
timbale	54.40909091
timbre	94.375
timidité	84.36363636
tintamarre	48.58333333
tirage	90.31818182
tirelire	86.36842105
tiret	74.63636364
tiroir	94.16666667
tisane	86.11111111
tison	62.05
tissage	81.57894737
titre	92
titulaire	85.89473684
toc	59
toiture	90.2
tomate	94.26315789
tombeau	85.36363636
tombée	87.19047619
tome	83.63157895
ton	86.79166667
tonique	76.08333333
tonneau	89.19047619
tonnerre	93.04761905
toque	66.25
torche	78.47619048
torchon	79.13636364
tornade	91.66666667
torpeur	48.5
torpille	67.73684211
torrent	81.04166667
torsion	68.21052632
tortue	88.66666667
torture	88.83333333
total	92.83333333
totalité	92.59090909
totem	71.68421053
toucan	77.80952381
toupie	86.70833333
tourbière	36.5625
tourbillon	80.63157895
tourelle	33.57894737
tourisme	93.05263158
tourment	77.95454545
tournage	90.95
tournant	85.375
tourne-disque	89.36842105
tournée	89.15789474
tournesol	92.70833333
tournevis	91.73684211
tourniquet	85.77272727
tournoi	85.52941176
tourterelle	66.36842105
toutou	95.16666667
toux	88.61904762
tracas	81.63636364
tracé	85.61904762
traction	76.27272727
tradition	92.15
traduction	92.36842105
trafic	94.19047619
tragédie	89.5
tragédien	60.31578947
trahison	84.23809524
traîne	65.05882353
traite	68.20833333
traité	69.66666667
traitement	83.52380952
trampoline	93.57894737
tranchant	86.38095238
tranchée	86.5
tranquillité	89.1
transaction	91.09090909
transfert	88.09090909
transformation	91.29166667
transistor	42.89473684
transport	90.61111111
trappe	76.36363636
travailleur	96.72727273
travée	23.95454545
travers	87.18181818
traversée	81.2
traversier	81.83333333
trèfle	93.5
treillis	54
tremblement	87.13636364
trésor	93.72727273
triage	87.68421053
triangle	92.13636364
tribu	81.5
tribunal	83.82352941
tribune	72.95238095
tricot	89.76190476
trimestre	82.76190476
trio	91.35
triomphe	75.36842105
tristesse	88.59090909
trombone	88.23809524
trompette	93.86666667
tronc	92.33333333
trône	78.89473684
trottinette	93.20833333
trottoir	95.31818182
troupeau	90.54545455
trousse	92.55
truc	88.70833333
truelle	36.57894737
tuba	80.25
tube	89.20833333
tuile	87.11764706
tulipe	94.36842105
tumeur	87.5
tumulte	53.05263158
tunique	83.47619048
tunnel	95.19047619
tuque	85.54166667
turbine	67.68181818
tympan	81
ulcère	80.16666667
unicité	78.45833333
uniforme	94
union	85.55
unisson	61.6875
urgence	85.6
urine	95
urne	76.35
usage	83.68181818
usure	86
utilisation	86.16666667
vacance	93.04166667
vacances	97.54545455
vacarme	78.15789474
vaccin	93.4
vaccination	93.875
vache	92.47368421
vague	91.36363636
vaisseau	90.61904762
vaisselier	66.61904762
valeur	96.05263158
valise	94.47368421
vallée	82.68421053
vallon	24.8
vanille	92.625
vanité	77.7
vapeur	89.63636364
variation	80.76190476
variété	93.33333333
vase	93.31578947
vedette	82.86956522
végétal	90.05882353
véhicule	88.42105263
vélo	88.45454545
velours	79.83333333
vendeur	87.71428571
vendredi	97.18181818
vengeance	94.66666667
venin	85.8125
ventre	95
venue	75.75
ver	75.1
verbe	89.66666667
verdict	82.28571429
verge	66.4
verger	85.15
verglas	94.28571429
vérification	93.63157895
vérité	97.13636364
vernis	87.1
vernissage	74.75
verrière	58.2
verrou	88.42105263
versant	70.10526316
version	79.57894737
vertèbre	90.45454545
vertu	84.59090909
veste	90.95238095
vestiaire	89.91666667
vestibule	72.95454545
vestige	71.1875
veston	90.86363636
viaduc	85.72727273
viande	96.66666667
vice-président	90.90909091
victime	86.33333333
victoire	93.10526316
vidéo	94.47619048
videur	60.73684211
vie	87.28571429
vieillard	92.9
vieillesse	95.42105263
vigilance	89.5
vigile	64.65
vignette	80.82352941
vigueur	91.13636364
villa	74.66666667
vin	96.18181818
viol	89.18181818
violence	94.72727273
violette	82.89473684
violon	90.52631579
vipère	76.68181818
virage	82.5
virgule	91.29166667
virilité	78.9047619
virtuosité	70.41666667
virulence	55.77777778
virus	92.04545455
visage	95.59090909
viscosité	54.75
visée	79.25
visibilité	95.27272727
visite	93.5
visiteuse	88.85
vitamine	85.42105263
vitesse	85.09090909
vitrail	89.27272727
vitre	93.36842105
vocation	86.57894737
voeu	79.36363636
voile	77.29411765
voilette	32.16666667
voilier	83.85
voisin	95.94736842
voisinage	92.80952381
voix	91.31578947
volaille	88.83333333
volcan	92.21052632
volet	72.18181818
volontaire	87.35294118
volonté	90.125
volt	79.38095238
voltage	89.66666667
volume	85
volupté	63.31818182
voûte	67.19047619
voyageur	95.40909091
voyelle	91.85714286
vue	90.61904762
vulgarité	90.29166667
vulve	85.15
wagon	95.68181818
wok	73.47368421
yacht	78.38888889
yak	32.42857143
yod	4.708333333
yoyo	83.38095238
zèbre	90.52941176
zoo	93.375
